id_municipio,n_municipio,fk_estado
52010001,AGUASCALIENTES,5201
52010002,ASIENTOS,5201
52010003,CALVILLO,5201
52010004,COSIO,5201
52010005,JESUS MARIA,5201
52010006,PABELLON DE ARTEAGA,5201
52010007,RINCON DE ROMOS,5201
52010008,SAN JOSE DE GRACIA,5201
52010009,TEPEZALA,5201
52010010,EL LLANO,5201
52010011,SAN FRANCISCO DE LOS ROMO,5201
52020001,ENSENADA,5202
52020002,MEXICALI,5202
52020003,TECATE,5202
52020004,TIJUANA,5202
52020005,PLAYAS DE ROSARITO,5202
52030001,COMONDU,5203
52030005,LORETO,5203
52030003,LA PAZ,5203
52030004,LOS CABOS,5203
52030002,MULEGE,5203
52040002,CAMPECHE,5204
52040006,HOPELCHEN,5204
52040010,XPUJIL,5204
52040004,CHAMPOTON,5204
52320059,CALAKMUL,5232
52320061,ESCARCEGA,5232
52040003,CIUDAD DEL CARMEN,5204
52040007,PALIZADA,5204
52040009,ESCARCEGA,5204
52040011,CANDELARIA,5204
52040001,CALKINI,5204
52040005,HECELCHAKAN,5204
52040008,TENABO,5204
52070019,COMITAN DE DOMINGUEZ,5207
52070030,CHICOMUSELO,5207
52070034,FRONTERA COMALAPA,5207
52070041,LA INDEPENDENCIA,5207
52070052,LAS MARGARITAS,5207
52070083,SOCOLTENANGO,5207
52070099,LA TRINITARIA,5207
52070104,TZIMOL,5207
52070113,ALDAMA,5207
52070119,SANTIAGO EL PINAR,5207
52070006,AMATENANGO DE LA FRONTERA,5207
52070010,BEJUCAL DE OCAMPO,5207
52070011,BELLA VISTA,5207
52070036,LA GRANDEZA,5207
52070053,MAZAPA DE MADERO,5207
52070057,MOTOZINTLA,5207
52070070,EL PORVENIR,5207
52070080,SILTEPEC,5207
52070016,CATAZAJA,5207
52070031,CHILON,5207
52070050,LA LIBERTAD,5207
52070059,OCOSINGO,5207
52070065,PALENQUE,5207
52070076,SABANILLA,5207
52070077,SALTO DE AGUA,5207
52070082,SITALA,5207
52070095,TILA,5207
52070100,TUMBALA,5207
52070109,YAJALON,5207
52070005,AMATAN,5207
52070013,BOCHIL,5207
52070014,EL BOSQUE,5207
52070025,CHAPULTENANGO,5207
52070033,FRANCISCO LEON,5207
52070040,HUIXTLA,5207
52070042,IXHUATAN,5207
52070043,IXTACOMITAN,5207
52070045,IXTAPANGAJOYA,5207
52070047,JITOTOL,5207
52070048,JUAREZ,5207
52070062,OSTUACAN,5207
52070067,PANTEPEC,5207
52070068,PICHUCALCO,5207
52070072,PUEBLO NUEVO SOLISTAHUACAN,5207
52070073,RAYON,5207
52070074,REFORMA,5207
52070081,SIMOJOVEL,5207
52070084,SOLOSUCHIAPA,5207
52070088,SUNUAPA,5207
52070090,TAPALAPA,5207
52070091,TAPILULA,5207
52070118,SAN ANDRES DURAZNAL,5207
52070004,ALTAMIRANO,5207
52070007,AMATENANGO DEL VALLE,5207
52070022,CHALCHIHUITAN,5207
52070023,CHAMULA,5207
52070024,CHANAL,5207
52070026,CHENALHO,5207
52070039,HUITIUPAN,5207
52070049,LARRAINZAR,5207
52070056,MITONTIC,5207
52070064,OXCHUC,5207
52070066,PANTELHO,5207
52070075,LAS ROSAS,5207
52070078,SAN CRISTOBAL DE LAS CASAS,5207
52070093,TENEJAPA,5207
52070094,TEOPISCA,5207
52070111,ZINACANTAN,5207
52070112,SAN JUAN CANCUC,5207
52070115,MARAVILLA TENEJAPA,5207
52070114,BENEMERITO DE LAS AMERICAS,5207
52070116,MARQUES DE COMILLAS,5207
52320071,OCOSINGO,5232
52070001,ACACOYAGUA,5207
52070003,ACAPETAHUA,5207
52070015,CACAHOATAN,5207
52070032,ESCUINTLA,5207
52070035,FRONTERA HIDALGO,5207
52070037,HUEHUETAN,5207
52070038,HUIXTAN,5207
52070051,MAPASTEPEC,5207
52070054,MAZATAN,5207
52070055,METAPA,5207
52070071,VILLA COMALTITLAN,5207
52070087,SUCHIATE,5207
52070089,TAPACHULA,5207
52070102,TUXTLA CHICO,5207
52070103,TUZANTAN,5207
52070105,UNION JUAREZ,5207
52070009,ARRIAGA,5207
52070069,PIJIJIAPAN,5207
52070097,TONALA,5207
52070002,ACALA,5207
52070012,BERRIOZABAL,5207
52070017,CINTALAPA,5207
52070018,COAPILLA,5207
52070021,COPAINALA,5207
52070027,CHIAPA DE CORZO,5207
52070028,CHIAPILLA,5207
52070029,CHICOASEN,5207
52070044,IXTAPA,5207
52070046,JIQUIPILAS,5207
52070058,NICOLAS RUIZ,5207
52070060,OCOTEPEC,5207
52070061,OCOZOCOAUTLA DE ESPINOSA,5207
52070063,OSUMACINTA,5207
52070079,SAN FERNANDO,5207
52070085,SOYALO,5207
52070086,SUCHIAPA,5207
52070092,TECPATAN,5207
52070098,TOTOLAPA,5207
52070101,TUXTLA GUTIERREZ,5207
52070106,VENUSTIANO CARRANZA,5207
52070110,SAN LUCAS,5207
52070008,ANGEL ALBINO CORZO,5207
52070020,LA CONCORDIA,5207
52070107,VILLA CORZO,5207
52070108,VILLAFLORES,5207
52070117,MONTECRISTO DE GUERRERO,5207
52080042,MANUEL BENAVIDES,5208
52080052,OJINAGA,5208
52080007,BALLEZA,5208
52080027,GUACHOCHI,5208
52080029,GUADALUPE Y CALVO,5208
52080010,BUENAVENTURA,5208
52080023,GALEANA,5208
52080005,ASCENSION,5208
52080013,CASAS GRANDES,5208
52080035,JANOS,5208
52080050,NUEVO CASAS GRANDES,5208
52080002,ALDAMA,5208
52080004,AQUILES SERDAN,5208
52080019,CHIHUAHUA,5208
52080022,DR. BELISARIO DOMINGUEZ,5208
52080024,SANTA ISABEL,5208
52080026,GRAN MORELOS,5208
52080049,NONOAVA,5208
52080057,SAN FRANCISCO DE BORJA,5208
52080061,SATEVO,5208
52080015,COYAME DEL SOTOL,5208
52080006,BACHINIVA,5208
52080012,CARICHI,5208
52080017,CUAUHTEMOC,5208
52080018,CUSIHUIRIACHI,5208
52080054,RIVA PALACIO,5208
52080011,CAMARGO,5208
52080016,LA CRUZ,5208
52080021,DELICIAS,5208
52080038,JULIMES,5208
52080045,MEOQUI,5208
52080055,ROSALES,5208
52080058,SAN FRANCISCO DE CONCHOS,5208
52080062,SAUCILLO,5208
52080001,AHUMADA,5208
52320058, ,5232
52080003,ALLENDE,5208
52080032,HIDALGO DEL PARRAL,5208
52080033,HUEJOTITAN,5208
52080044,MATAMOROS,5208
52080056,ROSARIO,5208
52080059,SAN FRANCISCO DEL ORO,5208
52080060,SANTA BARBARA,5208
52080064,EL TULE,5208
52080067,VALLE DE ZARAGOZA,5208
52080025,GOMEZ FARIAS,5208
52080034,IGNACIO ZARAGOZA,5208
52080040,MADERA,5208
52080048,NAMIQUIPA,5208
52080031,GUERRERO,5208
52080043,MATACHI,5208
52080063,TEMOSACHI,5208
52080014,CORONADO,5208
52080036,JIMENEZ,5208
52080039,LOPEZ,5208
52080008,BATOPILAS,5208
52080009,BOCOYNA,5208
52080020,CHINIPAS,5208
52080030,GUAZAPARES,5208
52080041,MAGUARICHI,5208
52080046,MORELOS,5208
52080047,MORIS,5208
52080051,OCAMPO,5208
52080065,URIQUE,5208
52080066,URUACHI,5208
52080028,GUADALUPE,5208
52080037,JUAREZ,5208
52080053,PRAXEDIS G. GUERRERO,5208
52050002,ACUÑA,5205
52050003,ALLENDE,5205
52050012,GUERRERO,5205
52050013,HIDALGO,5205
52050014,JIMENEZ,5205
52050019,MORELOS,5205
52050022,NAVA,5205
52050025,PIEDRAS NEGRAS,5205
52050037,VILLA UNION,5205
52050038,ZARAGOZA,5205
52050001,ABASOLO,5205
52050005,CANDELA,5205
52050006,CASTAÑOS,5205
52050007,CUATROCIENEGAS,5205
52050008,ESCOBEDO,5205
52050010,FRONTERA,5205
52050016,LAMADRID,5205
52050018,MONCLOVA,5205
52050021,NADADORES,5205
52050023,OCAMPO,5205
52050029,SACRAMENTO,5205
52050031,SAN BUENAVENTURA,5205
52050034,SIERRA MOJADA,5205
52050009,FRANCISCO I. MADERO,5205
52050017,MATAMOROS,5205
52050033,SAN PEDRO,5205
52050035,TORREON,5205
52050036,VIESCA,5205
52050015,JUAREZ,5205
52050020,MUZQUIZ,5205
52050026,PROGRESO,5205
52050028,SABINAS,5205
52050032,SAN JUAN DE SABINAS,5205
52050004,ARTEAGA,5205
52050011,GENERAL CEPEDA,5205
52050024,PARRAS,5205
52050027,RAMOS ARIZPE,5205
52050030,SALTILLO,5205
52060002,COLIMA,5206
52060003,COMALA,5206
52060004,COQUIMATLAN,5206
52060005,CUAUHTEMOC,5206
52060008,MINATITLAN,5206
52060010,VILLA DE ALVAREZ,5206
52060001,ARMERIA,5206
52060006,IXTLAHUACAN,5206
52060007,MANZANILLO,5206
52060009,TECOMAN,5206
52090002,AZCAPOTZALCO,5209
52090003,COYOACAN,5209
52090004,CUAJIMALPA DE MORELOS,5209
52090005,GUSTAVO A. MADERO,5209
52090006,IZTACALCO,5209
52090007,IZTAPALAPA,5209
52090008,LA MAGDALENA CONTRERAS,5209
52090009,MILPA ALTA,5209
52090010,ALVARO OBREGON,5209
52090011,TLAHUAC,5209
52090012,TLALPAN,5209
52090013,XOCHIMILCO,5209
52090014,BENITO JUAREZ,5209
52090015,CUAUHTEMOC,5209
52090016,MIGUEL HIDALGO,5209
52090017,VENUSTIANO CARRANZA,5209
52100001,CANATLAN,5210
52100005,DURANGO,5210
52100014,MEZQUITAL,5210
52100016,NOMBRE DE DIOS,5210
52100022,POANAS,5210
52100033,SUCHIL,5210
52100038,VICENTE GUERRERO,5210
52100039,NUEVO IDEAL,5210
52100023,PUEBLO NUEVO,5210
52100026,SAN DIMAS,5210
52100034,TAMAZULA,5210
52100003,CONETO DE COMONFORT,5210
52100004,CUENCAME,5210
52100008,GUADALUPE VICTORIA,5210
52100020,PANUCO DE CORONADO,5210
52100021,PEÑON BLANCO,5210
52100028,SAN JUAN DEL RIO,5210
52100031,SANTA CLARA,5210
52100006,GRAL. SIMON BOLIVAR,5210
52100007,GOMEZ PALACIO,5210
52100012,LERDO,5210
52100013,MAPIMI,5210
52100015,NAZAS,5210
52100024,RODEO,5210
52100027,SAN JUAN DE GUADALUPE,5210
52100029,SAN LUIS DEL CORDERO,5210
52100030,SAN PEDRO DEL GALLO,5210
52100036,TLAHUALILO,5210
52100002,CANELAS,5210
52100019,OTAEZ,5210
52100032,SANTIAGO PAPASQUIARO,5210
52100035,TEPEHUANES,5210
52100037,TOPIA,5210
52100009,GUANACEVI,5210
52100010,HIDALGO,5210
52100011,INDE,5210
52100017,OCAMPO,5210
52100018,EL ORO,5210
52100025,SAN BERNARDO,5210
52110004,APASEO EL ALTO,5211
52110005,APASEO EL GRANDE,5211
52110007,CELAYA,5211
52110009,COMONFORT,5211
52110010,CORONEO,5211
52110019,JERECUARO,5211
52110035,SANTA CRUZ DE JUVENTINO ROSAS,5211
52110039,TARIMORO,5211
52110001,ABASOLO,5211
52110002,ACAMBARO,5211
52110011,CORTAZAR,5211
52110012,CUERAMARO,5211
52110016,HUANIMARO,5211
52110017,IRAPUATO,5211
52110018,JARAL DEL PROGRESO,5211
52110021,MOROLEON,5211
52110023,PENJAMO,5211
52110024,PUEBLO NUEVO,5211
52110027,SALAMANCA,5211
52110028,SALVATIERRA,5211
52110036,SANTIAGO MARAVATIO,5211
52110038,TARANDACUAO,5211
52110041,URIANGATO,5211
52110042,VALLE DE SANTIAGO,5211
52110044,VILLAGRAN,5211
52110046,YURIRIA,5211
52110003,ALLENDE,5211
52110014,DOLORES HIDALGO,5211
52110022,OCAMPO,5211
52110029,SAN DIEGO DE LA UNION,5211
52110030,SAN FELIPE,5211
52110008,MANUEL DOBLADO,5211
52110015,GUANAJUATO,5211
52110020,LEON,5211
52110025,PURISIMA DEL RINCON,5211
52110026,ROMITA,5211
52110031,SAN FRANCISCO DEL RINCON,5211
52110037,SILAO,5211
52110006,ATARJEA,5211
52110013,DOCTOR MORA,5211
52110032,SAN JOSE ITURBIDE,5211
52110033,SAN LUIS DE LA PAZ,5211
52110034,SANTA CATARINA,5211
52110040,TIERRA BLANCA,5211
52110043,VICTORIA,5211
52110045,XICHU,5211
52120003,AJUCHITLAN DEL PROGRESO,5212
52120007,ARCELIA,5212
52120022,COYUCA DE CATALAN,5212
52120027,CUTZAMALA DE PINZON,5212
52120050,PUNGARABATO,5212
52120054,SAN MIGUEL TOTOLAPAN,5212
52120064,TLALCHAPA,5212
52120067,TLAPEHUALA,5212
52120073,ZIRANDARO,5212
52120011,ATOYAC DE ALVAREZ,5212
52120014,BENITO JUAREZ,5212
52120016,COAHUAYUTLA DE JOSE MARIA IZAZAGA,5212
52120021,COYUCA DE BENITEZ,5212
52120038,JOSE AZUETA,5212
52120048,PETATLAN,5212
52120057,TECPAN DE GALEANA,5212
52120068,LA UNION DE ISIDORO MONTES DE OCA,5212
52120002,AHUACUOTZINGO,5212
52120028,CHILAPA DE ALVAREZ,5212
52120029,CHILPANCINGO DE LOS BRAVO,5212
52120032,GENERAL HELIODORO CASTILLO,5212
52120040,LEONARDO BRAVO,5212
52120042,MARTIR DE CUILAPAN,5212
52120044,MOCHITLAN,5212
52120051,QUECHULTENANGO,5212
52120061,TIXTLA DE GUERRERO,5212
52120074,ZITLALA,5212
52120075,EDUARDO NERI,5212
52120079,JOSE JOAQUIN DE HERRERA,5212
52120006,APAXTLA,5212
52120008,ATENANGO DEL RIO,5212
52120015,BUENAVISTA DE CUELLAR,5212
52120017,COCULA,5212
52120019,COPALILLO,5212
52120026,CUETZALA DEL PROGRESO,5212
52120031,GENERAL CANUTO A. NERI,5212
52120034,HUITZUCO DE LOS FIGUEROA,5212
52120035,IGUALA DE LA INDEPENDENCIA,5212
52120037,IXCATEOPAN DE CUAUHTEMOC,5212
52120047,PEDRO ASCENCIO ALQUISIRAS,5212
52120049,PILCAYA,5212
52120055,TAXCO DE ALARCON,5212
52120058,TELOLOAPAN,5212
52120059,TEPECOACUILCO DE TRUJANO,5212
52120060,TETIPAC,5212
52120001,ACAPULCO DE JUAREZ,5212
52120012,AYUTLA DE LOS LIBRES,5212
52120013,AZOYU,5212
52120018,COPALA,5212
52120023,CUAJINICUILAPA,5212
52120025,CUAUTEPEC,5212
52120030,FLORENCIO VILLARREAL,5212
52120036,IGUALAPA,5212
52120039,JUAN R. ESCUDERO,5212
52120046,OMETEPEC,5212
52120052,SAN LUIS ACATLAN,5212
52120053,SAN MARCOS,5212
52120056,TECOANAPA,5212
52120062,TLACOACHISTLAHUACA,5212
52120071,XOCHISTLAHUACA,5212
52120077,MARQUELIA,5212
52320066,JUCHITAN,5232
52120004,ALCOZAUCA DE GUERRERO,5212
52120005,ALPOYECA,5212
52120009,ATLAMAJALCINGO DEL MONTE,5212
52120010,ATLIXTAC,5212
52120020,COPANATOYAC,5212
52120024,CUALAC,5212
52120033,HUAMUXTITLAN,5212
52120041,MALINALTEPEC,5212
52120043,METLATONOC,5212
52120045,OLINALA,5212
52120063,TLACOAPA,5212
52120065,TLALIXTAQUILLA DE MALDONADO,5212
52120066,TLAPA DE COMONFORT,5212
52120069,XALPATLAHUAC,5212
52120070,XOCHIHUEHUETLAN,5212
52120072,ZAPOTITLAN TABLAS,5212
52120076,ACATEPEC,5212
52120078,COCHOAPA EL GRANDE,5212
52320065,ILIATENCO,5232
52130025,HUAUTLA,5213
52130011,ATLAPEXCO,5213
52130026,HUAZALINGO,5213
52130028,HUEJUTLA DE REYES,5213
52130032,JALTOCAN,5213
52130046,SAN FELIPE ORIZATLAN,5213
52130078,XOCHIATIPAN,5213
52130080,YAHUALICA,5213
52130017,CHAPANTONGO,5213
52130018,CHAPULHUACAN,5213
52130029,HUICHAPAN,5213
52130031,JACALA DE LEDEZMA,5213
52130040,LA MISION,5213
52130043,NICOLAS FLORES,5213
52130044,NOPALA DE VILLAGRAN,5213
52130047,PACULA,5213
52130049,PISAFLORES,5213
52130059,TECOZAUTLA,5213
52130084,ZIMAPAN,5213
52130003,ACTOPAN,5213
52130005,AJACUBA,5213
52130006,ALFAJAYUCAN,5213
52130009,EL ARENAL,5213
52130010,ATITALAQUIA,5213
52130013,ATOTONILCO DE TULA,5213
52130015,CARDONAL,5213
52130019,CHILCUAUTLA,5213
52130023,FRANCISCO I. MADERO,5213
52130030,IXMIQUILPAN,5213
52130041,MIXQUIAHUALA DE JUAREZ,5213
52130050,PROGRESO DE OBREGON,5213
52130054,SAN SALVADOR,5213
52130055,SANTIAGO DE ANAYA,5213
52130058,TASQUILLO,5213
52130063,TEPEJI DEL RIO DE OCAMPO,5213
52130064,TEPETITLAN,5213
52130065,TETEPANGO,5213
52130067,TEZONTEPEC DE ALDAMA,5213
52130070,TLAHUELILPAN,5213
52130074,TLAXCOAPAN,5213
52130076,TULA DE ALLENDE,5213
52130007,ALMOLOYA,5213
52130008,APAN,5213
52130012,ATOTONILCO EL GRANDE,5213
52130021,EMILIANO ZAPATA,5213
52130022,EPAZOYUCAN,5213
52130024,HUASCA DE OCAMPO,5213
52130038,MINERAL DEL CHICO,5213
52130039,MINERAL DEL MONTE,5213
52130045,OMITLAN DE JUAREZ,5213
52130048,PACHUCA DE SOTO,5213
52130051,MINERAL DE LA REFORMA,5213
52130052,SAN AGUSTIN TLAXIACA,5213
52130061,TEPEAPULCO,5213
52130066,VILLA DE TEZONTEPEC,5213
52130069,TIZAYUCA,5213
52130072,TLANALAPA,5213
52130075,TOLCAYUCA,5213
52130082,ZAPOTLAN DE JUAREZ,5213
52130083,ZEMPOALA,5213
52130001,ACATLAN,5213
52130002,ACAXOCHITLAN,5213
52130004,AGUA BLANCA DE ITURBIDE,5213
52130016,CUAUTEPEC DE HINOJOSA,5213
52130027,HUEHUETLA,5213
52130035,METEPEC,5213
52130053,SAN BARTOLO TUTOTEPEC,5213
52130056,SANTIAGO TULANTEPEC DE LUGO GUERRERO,5213
52130057,SINGUILUCAN,5213
52130060,TENANGO DE DORIA,5213
52130077,TULANCINGO DE BRAVO,5213
52130014,CALNALI,5213
52130020,ELOXOCHITLAN,5213
52130033,JUAREZ HIDALGO,5213
52130034,LOLOTLA,5213
52130036,SAN AGUSTIN METZQUITITLAN,5213
52130037,METZTITLAN,5213
52130042,MOLANGO DE ESCAMILLA,5213
52130062,TEPEHUACAN DE GUERRERO,5213
52130068,TIANGUISTENGO,5213
52130071,TLAHUILTEPA,5213
52130073,TLANCHINOL,5213
52130079,XOCHICOATLAN,5213
52130081,ZACUALTIPAN DE ANGELES,5213
52140003,AHUALULCO DE MERCADO,5214
52140005,AMATITAN,5214
52140006,AMECA,5214
52140007,SAN JUANITO DE ESCOBEDO,5214
52140009,EL ARENAL,5214
52140012,ATENGUILLO,5214
52140024,COCULA,5214
52140036,ETZATLAN,5214
52140038,GUACHINANGO,5214
52140040,HOSTOTIPAQUILLO,5214
52140055,MAGDALENA,5214
52140058,MASCOTA,5214
52140062,MIXTLAN,5214
52140075,SAN MARCOS,5214
52140077,SAN MARTIN HIDALGO,5214
52140080,SAN SEBASTIAN DEL OESTE,5214
52140083,TALA,5214
52140084,TALPA DE ALLENDE,5214
52140094,TEQUILA,5214
52140095,TEUCHITLAN,5214
52140004,AMACUECA,5214
52140010,ATEMAJAC DE BRIZUELA,5214
52140014,ATOYAC,5214
52140023,ZAPOTLAN EL GRANDE ( Cd. Guzman),5214
52140026,CONCEPCION DE BUENOS AIRES,5214
52140032,CHIQUILISTLAN,5214
52140049,JILOTLAN DE LOS DOLORES,5214
52140056,SANTA MARIA DEL ORO,5214
52140057,LA MANZANILLA DE LA PAZ,5214
52140059,MAZAMITLA,5214
52140065,PIHUAMO,5214
52140069,QUITUPAN,5214
52140079,GOMEZ FARIAS,5214
52140082,SAYULA,5214
52140085,TAMAZULA DE GORDIANO,5214
52140086,TAPALPA,5214
52140087,TECALITLAN,5214
52140089,TECHALUTA DE MONTENEGRO,5214
52140092,TEOCUITATLAN DE CORONA,5214
52140099,TOLIMAN,5214
52140103,TONILA,5214
52140108,TUXPAN,5214
52140112,VALLE DE JUAREZ,5214
52140113,SAN GABRIEL,5214
52140119,ZACOALCO DE TORRES,5214
52140121,ZAPOTILTIC,5214
52140122,ZAPOTITLAN DE VADILLO,5214
52140019,BOLAÑOS,5214
52140025,COLOTLAN,5214
52140031,CHIMALTITAN,5214
52140041,HUEJUCAR,5214
52140042,HUEJUQUILLA EL ALTO,5214
52140061,MEZQUITIC,5214
52140076,SAN MARTIN DE BOLAÑOS,5214
52140081,SANTA MARIA DE LOS ANGELES,5214
52140104,TOTATICHE,5214
52140115,VILLA GUERRERO,5214
52140011,ATENGO,5214
52140015,AUTLAN DE NAVARRO,5214
52140017,AYUTLA,5214
52140028,CUAUTLA,5214
52140034,EJUTLA,5214
52140037,EL GRULLO,5214
52140052,JUCHITLAN,5214
52140054,EL LIMON,5214
52140088,TECOLOTLAN,5214
52140090,TENAMAXTLAN,5214
52140102,TONAYA,5214
52140106,TUXCACUESCO,5214
52140110,UNION DE TULA,5214
52140013,ATOTONILCO EL ALTO,5214
52140016,AYOTLAN,5214
52140018,LA BARCA,5214
52140030,CHAPALA,5214
52140033,DEGOLLADO,5214
52140044,IXTLAHUACAN DE LOS MEMBRILLOS,5214
52140047,JAMAY,5214
52140050,JOCOTEPEC,5214
52140051,JUANACATLAN,5214
52140063,OCOTLAN,5214
52140066,PONCITLAN,5214
52140096,TIZAPAN EL ALTO,5214
52140105,TOTOTLAN,5214
52140107,TUXCUECA,5214
52140123,ZAPOTLAN DEL REY,5214
52140001,ACATIC,5214
52140008,ARANDAS,5214
52140035,ENCARNACION DE DIAZ,5214
52140046,JALOSTOTITLAN,5214
52140048,JESUS MARIA,5214
52140053,LAGOS DE MORENO,5214
52140060,MEXTICACAN,5214
52140064,OJUELOS DE JALISCO,5214
52140072,SAN DIEGO DE ALEJANDRIA,5214
52140073,SAN JUAN DE LOS LAGOS,5214
52140074,SAN JULIAN,5214
52140078,SAN MIGUEL EL ALTO,5214
52140091,TEOCALTICHE,5214
52140093,TEPATITLAN DE MORELOS,5214
52140109,UNION DE SAN ANTONIO,5214
52140111,VALLE DE GUADALUPE,5214
52140116,VILLA HIDALGO,5214
52140117,CAÑADAS DE OBREGON,5214
52140118,YAHUALICA DE GONZALEZ GALLO,5214
52320073,SAN IGNACIO CERRO GORDO,5232
52140020,CABO CORRIENTES,5214
52140021,CASIMIRO CASTILLO,5214
52140022,CIHUATLAN,5214
52140027,CUAUTITLAN DE GARCIA BARRAGAN,5214
52140043,LA HUERTA,5214
52140067,PUERTO VALLARTA,5214
52140068,VILLA PURIFICACION,5214
52140100,TOMATLAN,5214
52140002,ACATLAN DE JUAREZ,5214
52140029,CUQUIO,5214
52140039,GUADALAJARA,5214
52140045,IXTLAHUACAN DEL RIO,5214
52140070,EL SALTO,5214
52140071,SAN CRISTOBAL DE LA BARRANCA,5214
52140097,TLAJOMULCO DE ZUÑIGA,5214
52140098,TLAQUEPAQUE,5214
52140101,TONALA,5214
52140114,VILLA CORONA,5214
52140120,ZAPOPAN,5214
52140124,ZAPOTLANEJO,5214
52150001,ACAMBAY,5215
52150003,ACULCO,5215
52150007,AMANALCO,5215
52150014,ATLACOMULCO,5215
52150026,CHAPA DE MOTA,5215
52150042,IXTLAHUACA,5215
52150047,JIQUIPILCO,5215
52150048,JOCOTITLAN,5215
52150056,MORELOS,5215
52150064,EL ORO,5215
52150067,OTZOLOTEPEC,5215
52150074,SAN FELIPE DEL PROGRESO,5215
52150079,SOYANIQUILPAN DE JUAREZ,5215
52150085,TEMASCALCINGO,5215
52150087,TEMOAYA,5215
52150102,TIMILPAN,5215
52150111,VILLA DE ALLENDE,5215
52150114,VILLA VICTORIA,5215
52150124,SAN JOSE DEL RINCON,5215
52150004,ALMOLOYA DE ALQUISIRAS,5215
52150021,COATEPEC HARINAS,5215
52150040,IXTAPAN DE LA SAL,5215
52150049,JOQUICINGO,5215
52150052,MALINALCO,5215
52150063,OCUILAN,5215
52150080,SULTEPEC,5215
52150088,TENANCINGO,5215
52150097,TEXCALTITLAN,5215
52150107,TONATICO,5215
52150113,VILLA GUERRERO,5215
52150117,ZACUALPAN,5215
52150119,ZUMPAHUACAN,5215
52150045,JILOTEPEC,5215
52150071,POLOTITLAN,5215
52150112,VILLA DEL CARBON,5215
52150008,AMATEPEC,5215
52150077,SAN SIMON DE GUERRERO,5215
52150082,TEJUPILCO,5215
52150086,TEMASCALTEPEC,5215
52150105,TLATLAYA,5215
52150123,LUVIANOS,5215
52150009,AMECAMECA,5215
52150011,ATENCO,5215
52150015,ATLAUTLA,5215
52150017,AYAPANGO,5215
52150020,COACALCO DE BERRIOZABAL,5215
52150022,COCOTITLAN,5215
52150025,CHALCO,5215
52150028,CHIAUTLA,5215
52150029,CHICOLOAPAN,5215
52150030,CHICONCUAC,5215
52150031,CHIMALHUACAN,5215
52150033,ECATEPEC DE MORELOS,5215
52150034,ECATZINGO,5215
52150039,IXTAPALUCA,5215
52150050,JUCHITEPEC,5215
52150058,NEZAHUALCOYOTL,5215
52150068,OZUMBA,5215
52150069,PAPALOTLA,5215
52150070,LA PAZ,5215
52150083,TEMAMATLA,5215
52150089,TENANGO DEL AIRE,5215
52150093,TEPETLAOXTOC,5215
52150094,TEPETLIXPA,5215
52150099,TEXCOCO,5215
52150103,TLALMANALCO,5215
52150122,VALLE DE CHALCO SOLIDARIDAD,5215
52150005,ALMOLOYA DE JUAREZ,5215
52150006,ALMOLOYA DEL RIO,5215
52150012,ATIZAPAN,5215
52150018,CALIMAYA,5215
52150019,CAPULHUAC,5215
52150027,CHAPULTEPEC,5215
52150043,XALATLACO,5215
52150051,LERMA,5215
52150054,METEPEC,5215
52150055,MEXICALTZINGO,5215
52150062,OCOYOACAC,5215
52150072,RAYON,5215
52150073,SAN ANTONIO LA ISLA,5215
52150076,SAN MATEO ATENCO,5215
52150090,TENANGO DEL VALLE,5215
52150098,TEXCALYACAC,5215
52150101,TIANGUISTENCO,5215
52150106,TOLUCA,5215
52150115,XONACATLAN,5215
52150118,ZINACANTEPEC,5215
52150032,DONATO GUERRA,5215
52150041,IXTAPAN DEL ORO,5215
52150066,OTZOLOAPAN,5215
52150078,SANTO TOMAS,5215
52150110,VALLE DE BRAVO,5215
52150116,ZACAZONAPAN,5215
52150002,ACOLMAN,5215
52150010,APAXCO,5215
52150013,ATIZAPAN DE ZARAGOZA,5215
52150016,AXAPUSCO,5215
52150023,COYOTEPEC,5215
52150024,CUAUTITLAN,5215
52150035,HUEHUETOCA,5215
52150036,HUEYPOXTLA,5215
52150037,HUIXQUILUCAN,5215
52150038,ISIDRO FABELA,5215
52150044,JALTENCO,5215
52150046,JILOTZINGO,5215
52150053,MELCHOR OCAMPO,5215
52150057,NAUCALPAN DE JUAREZ,5215
52150059,NEXTLALPAN,5215
52150060,NICOLAS ROMERO,5215
52150061,NOPALTEPEC,5215
52150065,OTUMBA,5215
52150075,SAN MARTIN DE LAS PIRAMIDES,5215
52150081,TECAMAC,5215
52150084,TEMASCALAPA,5215
52150091,TEOLOYUCAN,5215
52150092,TEOTIHUACAN,5215
52150095,TEPOTZOTLAN,5215
52150096,TEQUIXQUIAC,5215
52150100,TEZOYUCA,5215
52150104,TLALNEPANTLA DE BAZ,5215
52150108,TULTEPEC,5215
52150109,TULTITLAN,5215
52150120,ZUMPANGO,5215
52150121,CUAUTITLAN IZCALLI,5215
52150125,TONANITLA,5215
52160002,AGUILILLA,5216
52160015,COALCOMAN DE VAZQUEZ PALLARES,5216
52160006,APATZINGAN,5216
52160012,BUENAVISTA,5216
52160033,GABRIEL ZAMORA,5216
52160055,MUGICA,5216
52160059,NUEVO URECHO,5216
52160064,PARACUARO,5216
52160089,TEPALCATEPEC,5216
52160008,AQUILA,5216
52160014,COAHUAYANA,5216
52160026,CHINICUILA,5216
52160013,CARACUARO,5216
52160038,HUETAMO,5216
52160057,NOCUPETARO,5216
52160077,SAN LUCAS,5216
52160092,TIQUICHEO DE NICOLAS ROMERO,5216
52160099,TUZANTLA,5216
52160029,CHURUMUCO,5216
52160035,LA HUACANA,5216
52160096,TUMBISCATIO,5216
52160004,ANGAMACUTIRO,5216
52160016,COENEO,5216
52160028,CHURINTZIO,5216
52160037,HUANIQUEO,5216
52160044,JIMENEZ,5216
52160054,MORELOS,5216
52160060,NUMARAN,5216
52160063,PANINDICUARO,5216
52160067,PENJAMILLO,5216
52160069,LA PIEDAD,5216
52160071,PURUANDIRO,5216
52160086,TANHUATO,5216
52160105,VISTA HERMOSA,5216
52160106,YURECUARO,5216
52160107,ZACAPU,5216
52160109,ZINAPARO,5216
52160113,JOSE SIXTO VERDUZCO,5216
52160010,ARTEAGA,5216
52160052,LAZARO CARDENAS,5216
52160001,ACUITZIO,5216
52160003,ALVARO OBREGON,5216
52160018,COPANDARO,5216
52160020,CUITZEO,5216
52160022,CHARO,5216
52160027,CHUCANDIRO,5216
52160036,HUANDACAREO,5216
52160040,INDAPARAPEO,5216
52160049,MADERO,5216
52160053,MORELIA,5216
52160072,QUERENDARO,5216
52160078,SANTA ANA MAYA,5216
52160088,TARIMBARO,5216
52160101,TZITZIO,5216
52160110,ZINAPECUARO,5216
52160009,ARIO,5216
52160032,ERONGARICUARO,5216
52160039,HUIRAMBA,5216
52160048,LAGUNILLAS,5216
52160066,PATZCUARO,5216
52160073,QUIROGA,5216
52160079,SALVADOR ESCALANTE,5216
52160082,TACAMBARO,5216
52160097,TURICATO,5216
52160100,TZINTZUNTZAN,5216
52160011,BRISEÑAS,5216
52160045,JIQUILPAN,5216
52160051,MARCOS CASTELLANOS,5216
52160062,PAJACUARAN,5216
52160074,COJUMATLAN DE REGULES,5216
52160076,SAHUAYO,5216
52160103,VENUSTIANO CARRANZA,5216
52160104,VILLAMAR,5216
52160021,CHARAPAN,5216
52160024,CHERAN,5216
52160056,NAHUATZEN,5216
52160058,NUEVO PARANGARICUTIRO,5216
52160065,PARACHO,5216
52160083,TANCITARO,5216
52160087,TARETAN,5216
52160091,TING?INDIN,5216
52160102,URUAPAN,5216
52160111,ZIRACUARETIRO,5216
52160019,COTIJA,5216
52160023,CHAVINDA,5216
52160025,CHILCHOTA,5216
52160030,ECUANDUREO,5216
52160042,IXTLAN,5216
52160043,JACONA,5216
52160068,PERIBAN,5216
52160070,PUREPERO,5216
52160075,LOS REYES,5216
52160084,TANGAMANDAPIO,5216
52160085,TANGANCICUARO,5216
52160090,TINGAMBATO,5216
52160094,TLAZAZALCA,5216
52160095,TOCUMBO,5216
52160108,ZAMORA,5216
52160005,ANGANGUEO,5216
52160007,APORO,5216
52160017,CONTEPEC,5216
52160031,EPITACIO HUERTA,5216
52160034,HIDALGO,5216
52160041,IRIMBO,5216
52160046,JUAREZ,5216
52160047,JUNGAPEO,5216
52160050,MARAVATIO,5216
52160061,OCAMPO,5216
52160080,SENGUIO,5216
52160081,SUSUPUATO,5216
52160093,TLALPUJAHUA,5216
52160098,TUXPAN,5216
52160112,ZITACUARO,5216
52170001,AMACUZAC,5217
52170002,ATLATLAHUCAN,5217
52170003,AXOCHIAPAN,5217
52170004,AYALA,5217
52170005,COATLAN DEL RIO,5217
52170006,CUAUTLA,5217
52170007,CUERNAVACA,5217
52170008,EMILIANO ZAPATA,5217
52170009,HUITZILAC,5217
52170010,JANTETELCO,5217
52170011,JIUTEPEC,5217
52170012,JOJUTLA,5217
52170013,JONACATEPEC,5217
52170014,MAZATEPEC,5217
52170015,MIACATLAN,5217
52170016,OCUITUCO,5217
52170017,PUENTE DE IXTLA,5217
52170018,TEMIXCO,5217
52170019,TEPALCINGO,5217
52170020,TEPOZTLAN,5217
52170021,TETECALA,5217
52170022,TETELA DEL VOLCAN,5217
52170023,TLALNEPANTLA,5217
52170024,TLALTIZAPAN,5217
52170025,TLAQUILTENANGO,5217
52170026,TLAYACAPAN,5217
52170027,TOTOLAPAN,5217
52170028,XOCHITEPEC,5217
52170029,YAUTEPEC,5217
52170030,YECAPIXTLA,5217
52170031,ZACATEPEC DE HIDALGO,5217
52170032,ZACUALPAN DE AMILPAS,5217
52170033,TEMOAC,5217
52180001,ACAPONETA,5218
52180005,HUAJICORI,5218
52180016,TECUALA,5218
52180002,AHUACATLAN,5218
52180003,AMATLAN DE CAÑAS,5218
52180006,IXTLAN DEL RIO,5218
52180007,JALA,5218
52180014,SANTA MARIA DEL ORO,5218
52180019,LA YESCA,5218
52180004,COMPOSTELA,5218
52180013,SAN PEDRO LAGUNILLAS,5218
52180020,BAHIA DE BANDERAS,5218
52180010,ROSAMORADA,5218
52180011,RUIZ,5218
52180015,SANTIAGO IXCUINTLA,5218
52180018,TUXPAN,5218
52180008,XALISCO,5218
52180009,DEL NAYAR,5218
52180012,SAN BLAS,5218
52180017,TEPIC,5218
52190005,ANAHUAC,5219
52190008,BUSTAMANTE,5219
52190032,LAMPAZOS DE NARANJO,5219
52190040,PARAS,5219
52190044,SABINAS HIDALGO,5219
52190050,VALLECILLO,5219
52190051,VILLALDAMA,5219
52190001,ABASOLO,5219
52190002,AGUALEGUAS,5219
52190003,LOS ALDAMAS,5219
52190006,APODACA,5219
52190010,CARMEN,5219
52190011,CERRALVO,5219
52190012,CIENEGA DE FLORES,5219
52190013,CHINA,5219
52190015,DR. COSS,5219
52190016,DR. GONZALEZ,5219
52190018,GARCIA,5219
52190019,SAN PEDRO GARZA GARCIA,5219
52190020,GRAL. BRAVO,5219
52190021,GRAL. ESCOBEDO,5219
52190023,GRAL. TREVI?O,5219
52190025,GRAL. ZUAZUA,5219
52190026,GUADALUPE,5219
52190027,LOS HERRERAS,5219
52190028,HIGUERAS,5219
52190034,MARIN,5219
52190035,MELCHOR OCAMPO,5219
52190037,MINA,5219
52190039,MONTERREY,5219
52190041,PESQUERIA,5219
52190042,LOS RAMONES,5219
52190045,SALINAS VICTORIA,5219
52190046,SAN NICOLAS DE LOS GARZA,5219
52190047,HIDALGO,5219
52190048,SANTA CATARINA,5219
52190007,ARAMBERRI,5219
52190014,DR. ARROYO,5219
52190017,GALEANA,5219
52190024,GRAL. ZARAGOZA,5219
52190036,MIER Y NORIEGA,5219
52190004,ALLENDE,5219
52190009,CADEREYTA JIMENEZ,5219
52190022,GRAL. TERAN,5219
52190029,HUALAHUISES,5219
52190030,ITURBIDE,5219
52190031,JUAREZ,5219
52190033,LINARES,5219
52190038,MONTEMORELOS,5219
52190043,RAYONES,5219
52190049,SANTIAGO,5219
52200019,CONCEPCION PAPALO,5220
52200024,CUYAMECALCO VILLA DE ZARAGOZA,5220
52200027,CHIQUIHUITLAN DE BENITO JUAREZ,5220
52200029,ELOXOCHITLAN DE FLORES MAGON,5220
52200040,HUAUTEPEC,5220
52200041,HUAUTLA DE JIMENEZ,5220
52200058,MAZATLAN VILLA DE FLORES,5220
52200098,SAN ANDRES TEOTILALPAM,5220
52200109,SAN ANTONIO NANAHUATIPAM,5220
52200116,SAN BARTOLOME AYAUTLA,5220
52200139,SAN FRANCISCO CHAPULAPA,5220
52200142,SAN FRANCISCO HUEHUETLAN,5220
52200163,SAN JERONIMO TECOATL,5220
52200171,SAN JOSE TENANGO,5220
52200177,SAN JUAN BAUTISTA CUICATLAN,5220
52200182,SAN JUAN BAUTISTA TLACOATZINTEPEC,5220
52200187,SAN JUAN COATZOSPAM,5220
52200206,SAN JUAN DE LOS CUES,5220
52200220,SAN JUAN TEPEUXILA,5220
52200228,SAN LORENZO CUAUNECUILTITLA,5220
52200234,SAN LUCAS ZOQUIAPAM,5220
52200244,SAN MARTIN TOXPALAN,5220
52200249,SAN MATEO YOLOXOCHITLAN,5220
52200276,SAN MIGUEL SANTA FLOR,5220
52200311,SAN PEDRO JALTEPETONGO,5220
52200313,SAN PEDRO JOCOTIPAC,5220
52200322,SAN PEDRO OCOPETATILLO,5220
52200326,SAN PEDRO SOCHIAPAM,5220
52200330,SAN PEDRO TEUTILA,5220
52200354,SANTA ANA ATEIXTLAHUACA,5220
52200355,SANTA ANA CUAUHTEMOC,5220
52200374,SANTA CRUZ ACATEPEC,5220
52200396,SANTA MARIA LA ASUNCION,5220
52200406,SANTA MARIA CHILCHOTLA,5220
52200416,SANTA MARIA IXCATLAN,5220
52200425,SANTA MARIA PAPALO,5220
52200431,SANTA MARIA TECOMAVACA,5220
52200434,SANTA MARIA TEOPOXCO,5220
52200436,SANTA MARIA TEXCATITLAN,5220
52200438,SANTA MARIA TLALIXTAC,5220
52200478,SANTIAGO NACALTEPEC,5220
52200490,SANTIAGO TEXCALCINGO,5220
52320109,SANTOS REYES PAPALO,5232
52320121,TEOTITLAN DE FLORES MAGON,5232
52320133,VALERIO TRUJANO,5232
52200012,CANDELARIA LOXICHA,5220
52200056,MARTIRES DE TACUBAYA,5220
52200070,PINOTEPA DE DON LUIS,5220
52200071,PLUMA HIDALGO,5220
52200072,SAN JOSE DEL PROGRESO,5220
52200082,SAN AGUSTIN CHAYUCO,5220
52200085,SAN AGUSTIN LOXICHA,5220
52200090,SAN ANDRES HUAXPALTEPEC,5220
52200111,SAN ANTONIO TEPETLAPA,5220
52200113,SAN BALTAZAR LOXICHA,5220
52200117,SAN BARTOLOME LOXICHA,5220
52200153,SAN GABRIEL MIXTEPEC,5220
52200168,SAN JOSE ESTANCIA GRANDE,5220
52200180,SAN JUAN BAUTISTA LO DE SOTO,5220
52200185,SAN JUAN CACAHUATEPEC,5220
52200188,SAN JUAN COLORADO,5220
52200202,SAN JUAN LACHAO,5220
52200213,SAN JUAN QUIAHIJE,5220
52200225,SAN LORENZO,5220
52200253,SAN MATEO PIÑAS,5220
52200266,SAN MIGUEL DEL PUERTO,5220
52200272,SAN MIGUEL PANIXTLAHUACA,5220
52200285,SAN MIGUEL TLACAMAMA,5220
52200302,SAN PEDRO ATOYAC,5220
52200306,SAN PEDRO EL ALTO,5220
52200312,SAN PEDRO JICAYAN,5220
52200314,SAN PEDRO JUCHATENGO,5220
52200318,SAN PEDRO MIXTEPEC,5220
52200324,SAN PEDRO POCHUTLA,5220
52200345,SAN SEBASTIAN IXCAPA,5220
52200364,SANTA CATARINA JUQUILA,5220
52200366,SANTA CATARINA LOXICHA,5220
52200367,SANTA CATARINA MECHOACAN,5220
52200401,SANTA MARIA COLOTEPEC,5220
52200402,SANTA MARIA CORTIJO,5220
52200413,SANTA MARIA HUATULCO,5220
52200414,SANTA MARIA HUAZOLOTITLAN,5220
52200433,SANTA MARIA TEMAXCALTEPEC,5220
52200439,SANTA MARIA TONAMECA,5220
52200466,SANTIAGO IXTAYUTLA,5220
52200467,SANTIAGO JAMILTEPEC,5220
52200474,SANTIAGO LLANO GRANDE,5220
52200482,SANTIAGO PINOTEPA NACIONAL,5220
52200485,SANTIAGO TAPEXTLA,5220
52200489,SANTIAGO TETEPEC,5220
52200497,SANTIAGO YAITEPEC,5220
52320084,SANTO DOMINGO ARMENTA,5232
52320086,SANTO DOMINGO DE MORELOS,5232
52320108,SANTOS REYES NOPALA,5232
52320119,TATALTEPEC DE VALDES,5232
52200004,ASUNCION CUYOTEPEJI,5220
52200006,ASUNCION NOCHIXTLAN,5220
52200011,CALIHUALA,5220
52200016,COICOYAN DE LAS FLORES,5220
52200018,CONCEPCION BUENAVISTA,5220
52200020,CONSTANCIA DEL ROSARIO,5220
52200022,COSOLTEPEC,5220
52200026,CHALCATONGO DE HIDALGO,5220
52200032,FRESNILLO DE TRUJANO,5220
52200034,GUADALUPE DE RAMIREZ,5220
52200037,MESONES HIDALGO,5220
52200046,MAGDALENA JALTEPEC,5220
52200047,SANTA MAGDALENA JICOTLAN,5220
52200050,MAGDALENA PEÑASCO,5220
52200054,MAGDALENA ZAHUATLAN,5220
52200055,MARISCALA DE JUAREZ,5220
52200065,IXPANTEPEC NIEVES,5220
52200073,PUTLA VILLA DE GUERRERO,5220
52200076,LA REFORMA,5220
52200081,SAN AGUSTIN ATENANGO,5220
52200086,SAN AGUSTIN TLACOTEPEC,5220
52200088,SAN ANDRES CABECERA NUEVA,5220
52200089,SAN ANDRES DINICUITI,5220
52200093,SAN ANDRES LAGUNAS,5220
52200094,SAN ANDRES NUXIÑO,5220
52200096,SAN ANDRES SINAXTLA,5220
52200099,SAN ANDRES TEPETLAPA,5220
52200105,SAN ANTONINO MONTE VERDE,5220
52200106,SAN ANTONIO ACUTLA,5220
52200110,SAN ANTONIO SINICAHUA,5220
52200119,SAN BARTOLOME YUCUAÑE,5220
52200121,SAN BARTOLO SOYALTEPEC,5220
52200127,SAN CRISTOBAL AMOLTEPEC,5220
52200129,SAN CRISTOBAL SUCHIXTLAHUACA,5220
52200133,SAN ESTEBAN ATATLAHUCA,5220
52200140,SAN FRANCISCO CHINDUA,5220
52200144,SAN FRANCISCO JALTEPETONGO,5220
52200147,SAN FRANCISCO NUXAÑO,5220
52200151,SAN FRANCISCO TEOPAN,5220
52200152,SAN FRANCISCO TLAPANCINGO,5220
52200160,SAN JERONIMO SILACAYOAPILLA,5220
52200164,SAN JORGE NUCHITA,5220
52200165,SAN JOSE AYUQUILA,5220
52200172,SAN JUAN ACHIUTLA,5220
52200176,SAN JUAN BAUTISTA COIXTLAHUACA,5220
52200181,SAN JUAN BAUTISTA SUCHITEPEC,5220
52200183,SAN JUAN BAUTISTA TLACHICHILCO,5220
52200186,SAN JUAN CIENEGUILLA,5220
52200195,SAN JUAN DIUXI,5220
52200199,SAN JUAN IHUALTEPEC,5220
52200208,SAN JUAN MIXTEPEC,5220
52200210,SAN JUAN ÑUMI,5220
52200215,SAN JUAN SAYULTEPEC,5220
52200217,SAN JUAN TAMAZOLA,5220
52200218,SAN JUAN TEITA,5220
52200221,SAN JUAN TEPOSCOLULA,5220
52200224,SAN JUAN YUCUITA,5220
52200230,SAN LORENZO VICTORIA,5220
52200237,SAN MARCOS ARTEAGA,5220
52200239,SAN MARTIN HUAMELULPAM,5220
52200240,SAN MARTIN ITUNYOSO,5220
52200242,SAN MARTIN PERAS,5220
52200245,SAN MARTIN ZACATEPEC,5220
52200250,SAN MATEO ETLATONGO,5220
52200251,SAN MATEO NEJAPAM,5220
52200252,SAN MATEO PEÑASCO,5220
52200255,SAN MATEO SINDIHUI,5220
52200256,SAN MATEO TLAPILTEPEC,5220
52200258,SAN MIGUEL ACHIUTLA,5220
52200259,SAN MIGUEL AHUEHUETITLAN,5220
52200261,SAN MIGUEL AMATITLAN,5220
52200264,SAN MIGUEL CHICAHUA,5220
52200269,SAN MIGUEL EL GRANDE,5220
52200270,SAN MIGUEL HUAUTLA,5220
52200274,SAN MIGUEL PIEDRAS,5220
52200281,SAN MIGUEL TECOMATLAN,5220
52200283,SAN MIGUEL TEQUIXTEPEC,5220
52200286,SAN MIGUEL TLACOTEPEC,5220
52200287,SAN MIGUEL TULANCINGO,5220
52200290,SAN NICOLAS HIDALGO,5220
52200297,SAN PABLO TIJALTEPEC,5220
52200300,SAN PEDRO AMUZGOS,5220
52200304,SAN PEDRO COXCALTEPEC CANTAROS,5220
52200317,SAN PEDRO MARTIR YUCUXACO,5220
52200320,SAN PEDRO MOLINOS,5220
52200321,SAN PEDRO NOPALA,5220
52200329,SAN PEDRO TEOZACOALCO,5220
52200331,SAN PEDRO TIDAA,5220
52200332,SAN PEDRO TOPILTEPEC,5220
52200334,VILLA DE TUTUTEPEC DE MELCHOR OCAMPO,5220
52200339,SAN PEDRO Y SAN PABLO TEPOSCOLULA,5220
52200340,SAN PEDRO Y SAN PABLO TEQUIXTEPEC,5220
52200341,SAN PEDRO YUCUNAMA,5220
52200346,SAN SEBASTIAN NICANANDUTA,5220
52200348,SAN SEBASTIAN TECOMAXTLAHUACA,5220
52200352,SAN SIMON ZAHUATLAN,5220
52200370,SANTA CATARINA TAYATA,5220
52200371,SANTA CATARINA TICUA,5220
52200372,SANTA CATARINA YOSONOTU,5220
52200373,SANTA CATARINA ZAPOQUILA,5220
52200376,SANTA CRUZ DE BRAVO,5220
52200377,SANTA CRUZ ITUNDUJIA,5220
52200379,SANTA CRUZ NUNDACO,5220
52200381,SANTA CRUZ TACACHE DE MINA,5220
52200382,SANTA CRUZ TACAHUA,5220
52200383,SANTA CRUZ TAYATA,5220
52200392,SANTA LUCIA MONTEVERDE,5220
52200395,SANTA MARIA APAZCO,5220
52200397,HEROICA CIUDAD DE TLAXIACO,5220
52200400,SANTA MARIA CAMOTLAN,5220
52200404,SANTA MARIA CHACHOAPAM,5220
52200405,VILLA DE CHILAPA DE DIAZ,5220
52200408,SANTA MARIA DEL ROSARIO,5220
52200415,SANTA MARIA IPALAPA,5220
52200422,SANTA MARIA NATIVITAS,5220
52200423,SANTA MARIA NDUAYACO,5220
52200430,SANTA MARIA TATALTEPEC,5220
52200444,SANTA MARIA YOLOTEPEC,5220
52200445,SANTA MARIA YOSOYUA,5220
52200446,SANTA MARIA YUCUHITI,5220
52200447,SANTA MARIA ZACATEPEC,5220
52200451,SANTIAGO APOALA,5220
52200455,SANTIAGO AYUQUILILLA,5220
52200456,SANTIAGO CACALOXTEPEC,5220
52200459,SANTIAGO CHAZUMBA,5220
52200461,SANTIAGO DEL RIO,5220
52200462,SANTIAGO HUAJOLOTITLAN,5220
52200463,SANTIAGO HUAUCLILLA,5220
52200464,SANTIAGO IHUITLAN PLUMAS,5220
52200469,SANTIAGO JUXTLAHUACA,5220
52200476,SANTIAGO MILTEPEC,5220
52200479,SANTIAGO NEJAPILLA,5220
52200480,SANTIAGO NUNDICHE,5220
52200481,SANTIAGO NUYOO,5220
52200484,SANTIAGO TAMAZOLA,5220
52200486,VILLA TEJUPAM DE LA UNION,5220
52200488,SANTIAGO TEPETLAPA,5220
52200492,SANTIAGO TILANTONGO,5220
52200493,SANTIAGO TILLO,5220
52200499,SANTIAGO YOLOMECATL,5220
52200500,SANTIAGO YOSONDUA,5220
52320067,MAGDALENA YODOCONO DE PORFIRIO DIAZ,5232
52320078,SAN VICENTE NUÑU,5232
52320080,SANTIAGO YUCUYACHI,5232
52320088,SANTO DOMINGO IXCATLAN,5232
52320089,SANTO DOMINGO NUXAA,5232
52320096,SANTO DOMINGO TLATAYAPAM,5232
52320098,SANTO DOMINGO TOMALTEPEC,5232
52320099,SANTO DOMINGO TONALA,5232
52320101,SANTO DOMINGO YANHUITLAN,5232
52320102,SANTO DOMINGO YODOHINO,5232
52320106,SANTO TOMAS OCOTEPEC,5232
52320110,SANTOS REYES TEPEJILLO,5232
52320111,SANTOS REYES YUCUNA,5232
52320112,SILACAYOAPAM,5232
52320118,TAPELMEME VILLA DE MORELOS,5232
52320123,TEOTONGO,5232
52320124,TEOZOATLAN DE SEGURA Y LUNA,5232
52320126,TLACOTEPEC PLUMAS,5232
52320129,TRINIDAD VISTA HERMOSA LA,5232
52320136,VILLA TAMAZULAPAM DEL PROGRESO,5232
52320139,YUTANDUCHI DE GUERRERO,5232
52320141,ZAPOTITLAN LAGUNAS,5232
52320142,ZAPOTITLAN PALMAS,5232
52200039,HEROICA CIUDAD DE HUAJUAPAN DE LEON,5220
52200005,ASUNCION IXTALTEPEC,5220
52200008,ASUNCION TLACOLULITA,5220
52200010,EL BARRIO DE LA SOLEDAD,5220
52200014,CIUDAD IXTEPEC,5220
52200025,CHAHUITES,5220
52200030,EL ESPINAL,5220
52200036,GUEVEA DE HUMBOLDT,5220
52200043,JUCHITAN DE ZARAGOZA,5220
52200052,MAGDALENA TEQUISISTLAN,5220
52200053,MAGDALENA TLACOTEPEC,5220
52200057,MATIAS ROMERO AVENDAÑO,5220
52200064,NEJAPA DE MADERO,5220
52200066,SANTIAGO NILTEPEC,5220
52200074,SANTA CATARINA QUIOQUITANI,5220
52200075,REFORMA DE PINEDA,5220
52200079,SALINA CRUZ,5220
52200122,SAN BARTOLO YAUTEPEC,5220
52200124,SAN BLAS ATEMPA,5220
52200125,SAN CARLOS YAUTEPEC,5220
52200130,SAN DIONISIO DEL MAR,5220
52200141,SAN FRANCISCO DEL MAR,5220
52200143,SAN FRANCISCO IXHUATAN,5220
52200198,SAN JUAN GUICHICOVI,5220
52200204,SAN JUAN LAJARCIA,5220
52200207,SAN JUAN MAZATLAN,5220
52200248,SAN MATEO DEL MAR,5220
52200265,SAN MIGUEL CHIMALAPA,5220
52200282,SAN MIGUEL TENANGO,5220
52200305,SAN PEDRO COMITANCILLO,5220
52200307,SAN PEDRO HUAMELULA,5220
52200308,SAN PEDRO HUILOTEPEC,5220
52200316,SAN PEDRO MARTIR QUIECHAPA,5220
52200327,SAN PEDRO TAPANATEPEC,5220
52200357,SANTA ANA TAVELA,5220
52200361,SANTA CATALINA QUIERI,5220
52200407,SANTA MARIA CHIMALAPA,5220
52200410,SANTA MARIA ECATEPEC,5220
52200412,SANTA MARIA GUIENAGATI,5220
52200418,SANTA MARIA JALAPA DEL MARQUES,5220
52200421,SANTA MARIA MIXTEQUILLA,5220
52200427,SANTA MARIA PETAPA,5220
52200428,SANTA MARIA QUIEGOLANI,5220
52200440,SANTA MARIA TOTOLAPILLA,5220
52200441,SANTA MARIA XADANI,5220
52200453,SANTIAGO ASTATA,5220
52200465,SANTIAGO IXCUINTEPEC,5220
52200470,SANTIAGO LACHIGUIRI,5220
52200472,SANTIAGO LAOLLAGA,5220
52320085,SANTO DOMINGO CHIHUITAN,5232
52320087,SANTO DOMINGO INGENIO,5232
52320091,SANTO DOMINGO PETAPA,5232
52320093,SANTO DOMINGO TEHUANTEPEC,5232
52320103,SANTO DOMINGO ZANATEPEC,5232
52320132,UNION HIDALGO,5232
52200001,ABEJONES,5220
52200003,ASUNCION CACALOTEPEC,5220
52200031,TAMAZULAPAM DEL ESPIRITU SANTO,5220
52200035,GUELATAO DE JUAREZ,5220
52200038,VILLA HIDALGO,5220
52200042,IXTLAN DE JUAREZ,5220
52200060,MIXISTLAN DE LA REFORMA,5220
52200062,NATIVIDAD,5220
52200097,SAN ANDRES SOLAGA,5220
52200100,SAN ANDRES YAA,5220
52200114,SAN BALTAZAR YATZACHI EL BAJO,5220
52200120,SAN BARTOLOME ZOOGOCHO,5220
52200128,SAN CRISTOBAL LACHIRIOAG,5220
52200138,SAN FRANCISCO CAJONOS,5220
52200156,SAN ILDEFONSO VILLA ALTA,5220
52200173,SAN JUAN ATEPEC,5220
52200191,SAN JUAN CHICOMEZUCHIL,5220
52200196,SAN JUAN EVANGELISTA ANALCO,5220
52200200,SAN JUAN JUQUILA MIXES,5220
52200201,SAN JUAN JUQUILA VIJANOS,5220
52200214,SAN JUAN QUIOTEPEC,5220
52200216,SAN JUAN TABAA,5220
52200222,SAN JUAN YAEE,5220
52200223,SAN JUAN YATZONA,5220
52200231,SAN LUCAS CAMOTLAN,5220
52200246,SAN MATEO CAJONOS,5220
52200247,CAPULALPAM DE MENDEZ,5220
52200257,SAN MELCHOR BETAZA,5220
52200260,SAN MIGUEL ALOAPAM,5220
52200262,SAN MIGUEL AMATLAN,5220
52200267,SAN MIGUEL DEL RIO,5220
52200275,SAN MIGUEL QUETZALTEPEC,5220
52200280,VILLA TALEA DE CASTRO,5220
52200288,SAN MIGUEL YOTAO,5220
52200296,SAN PABLO MACUILTIANGUIS,5220
52200299,SAN PABLO YAGANIZA,5220
52200303,SAN PEDRO CAJONOS,5220
52200323,SAN PEDRO OCOTEPEC,5220
52200335,SAN PEDRO YANERI,5220
52200336,SAN PEDRO YOLOX,5220
52200337,SAN PEDRO Y SAN PABLO AYUTLA,5220
52200359,SANTA ANA YARENI,5220
52200363,SANTA CATARINA IXTEPEJI,5220
52200365,SANTA CATARINA LACHATAO,5220
52200394,SANTA MARIA ALOTEPEC,5220
52200419,SANTA MARIA JALTIANGUIS,5220
52200432,SANTA MARIA TEMAXCALAPA,5220
52200435,SANTA MARIA TEPANTLALI,5220
52200437,SANTA MARIA TLAHUITOLTEPEC,5220
52200442,SANTA MARIA YALINA,5220
52200443,SANTA MARIA YAVESIA,5220
52200454,SANTIAGO ATITLAN,5220
52200457,SANTIAGO CAMOTLAN,5220
52200458,SANTIAGO COMALTEPEC,5220
52200471,SANTIAGO LALOPA,5220
52200473,SANTIAGO LAXOPA,5220
52200496,SANTIAGO XIACUI,5220
52320070,NUEVO ZOQUIAPAM,5232
52320081,SANTIAGO ZACATEPEC,5232
52320082,SANTIAGO ZOOCHILA,5232
52320092,SANTO DOMINGO ROAYAGA,5232
52320095,SANTO DOMINGO TEPUXTEPEC,5232
52320100,SANTO DOMINGO XAGACIA,5232
52320116,TANETZE DE ZARAGOZA,5232
52320120,TEOCOCUILCO DE MARCOS PEREZ,5232
52320128,TOTONTEPEC VILLA DE MORELOS,5232
52200002,ACATLAN DE PEREZ FIGUEROA,5220
52200009,AYOTZINTEPEC,5220
52200021,COSOLAPA,5220
52200044,LOMA BONITA,5220
52200134,SAN FELIPE JALAPA DE DIAZ,5220
52200136,SAN FELIPE USILA,5220
52200166,SAN JOSE CHILTEPEC,5220
52200169,SAN JOSE INDEPENDENCIA,5220
52200184,SAN JUAN BAUTISTA TUXTEPEC,5220
52200189,SAN JUAN COMALTEPEC,5220
52200190,SAN JUAN COTZOCON,5220
52200205,SAN JUAN LALANA,5220
52200212,SAN JUAN PETLAPA,5220
52200232,SAN LUCAS OJITLAN,5220
52200278,TEMASCAL,5220
52200309,SAN PEDRO IXCATLAN,5220
52200417,SANTA MARIA JACATEPEC,5220
52200460,SANTIAGO CHOAPAM,5220
52200468,MONTE NEGRO,5220
52200498,SANTIAGO YAVEO,5220
52320075,SAN JUAN BAUTISTA VALLE NACIONAL,5232
52200007,ASUNCION OCOTLAN,5220
52200013,CIENEGA DE ZIMATLAN,5220
52200015,COATECAS ALTAS,5220
52200017,LA COMPAÑIA,5220
52200023,CUILAPAM DE GUERRERO,5220
52200028,HEROICA CIUDAD DE EJUTLA DE CRESPO,5220
52200033,GUADALUPE ETLA,5220
52200045,MAGDALENA APASCO,5220
52200048,MAGDALENA MIXTEPEC,5220
52200049,MAGDALENA OCOTLAN,5220
52200051,MAGDALENA TEITIPAC,5220
52200059,MIAHUATLAN DE PORFIRIO DIAZ,5220
52200061,MONJAS,5220
52200063,NAZARENO ETLA,5220
52200067,OAXACA DE JUAREZ,5220
52200068,OCOTLAN DE MORELOS,5220
52200069,LA PE,5220
52200077,REYES ETLA,5220
52200078,ROJAS DE CUAUHTEMOC,5220
52200080,SAN AGUSTIN AMATENGO,5220
52200083,SAN AGUSTIN DE LAS JUNTAS,5220
52200084,SAN AGUSTIN ETLA,5220
52200087,SAN AGUSTIN YATARENI,5220
52200091,SAN ANDRES HUAYAPAM,5220
52200092,SAN ANDRES IXTLAHUACA,5220
52200095,SAN ANDRES PAXTLAN,5220
52200101,SAN ANDRES ZABACHE,5220
52200102,SAN ANDRES ZAUTLA,5220
52200103,SAN ANTONINO CASTILLO VELASCO,5220
52200104,SAN ANTONINO EL ALTO,5220
52200107,SAN ANTONIO DE LA CAL,5220
52200108,SAN ANTONIO HUITEPEC,5220
52200112,SAN BALTAZAR CHICHICAPAM,5220
52200115,SAN BARTOLO COYOTEPEC,5220
52200118,SAN BARTOLOME QUIALANA,5220
52200123,SAN BERNARDO MIXTEPEC,5220
52200126,SAN CRISTOBAL AMATLAN,5220
52200131,SAN DIONISIO OCOTEPEC,5220
52200132,SAN DIONISIO OCOTLAN,5220
52200135,SAN FELIPE TEJALAPAM,5220
52200137,SAN FRANCISCO CAHUACUA,5220
52200145,SAN FRANCISCO LACHIGOLO,5220
52200146,SAN FRANCISCO LOGUECHE,5220
52200148,SAN FRANCISCO OZOLOTEPEC,5220
52200149,SAN FRANCISCO SOLA,5220
52200150,SAN FRANCISCO TELIXTLAHUACA,5220
52200154,SAN ILDEFONSO AMATLAN,5220
52200155,SAN ILDEFONSO SOLA,5220
52200157,SAN JACINTO AMILPAS,5220
52200158,SAN JACINTO TLACOTEPEC,5220
52200159,SAN JERONIMO COATLAN,5220
52200161,SAN JERONIMO SOSOLA,5220
52200162,SAN JERONIMO TAVICHE,5220
52200167,SAN JOSE DEL PEÑASCO,5220
52200170,SAN JOSE LACHIGUIRI,5220
52200174,ANIMAS TRUJANO,5220
52200175,SAN JUAN BAUTISTA ATATLAHUCA,5220
52200178,SAN JUAN BAUTISTA GUELACHE,5220
52200179,SAN JUAN BAUTISTA JAYACATLAN,5220
52200192,SAN JUAN CHILATECA,5220
52200193,SAN JUAN DEL ESTADO,5220
52200194,SAN JUAN DEL RIO,5220
52200197,SAN JUAN GUELAVIA,5220
52200203,SAN JUAN LACHIGALLA,5220
52200209,SAN JUAN MIXTEPEC,5220
52200211,SAN JUAN OZOLOTEPEC,5220
52200219,SAN JUAN TEITIPAC,5220
52200226,SAN LORENZO ALBARRADAS,5220
52200227,SAN LORENZO CACAOTEPEC,5220
52200229,SAN LORENZO TEXMELUCAN,5220
52200233,SAN LUCAS QUIAVINI,5220
52200235,SAN LUIS AMATLAN,5220
52200236,SAN MARCIAL OZOLOTEPEC,5220
52200238,SAN MARTIN DE LOS CANSECOS,5220
52200241,SAN MARTIN LACHILA,5220
52200243,SAN MARTIN TILCAJETE,5220
52200254,SAN MATEO RIO HONDO,5220
52200263,SAN MIGUEL COATLAN,5220
52200268,SAN MIGUEL EJUTLA,5220
52200271,SAN MIGUEL MIXTEPEC,5220
52200273,SAN MIGUEL PERAS,5220
52200277,VILLA SOLA DE VEGA,5220
52200279,SAN MIGUEL SUCHIXTEPEC,5220
52200284,SAN MIGUEL TILQUIAPAM,5220
52200289,SAN NICOLAS,5220
52200291,SAN PABLO COATLAN,5220
52200292,SAN PABLO CUATRO VENADOS,5220
52200293,SAN PABLO ETLA,5220
52200294,SAN PABLO HUITZO,5220
52200295,SAN PABLO HUIXTEPEC,5220
52200298,SAN PABLO VILLA DE MITLA,5220
52200301,SAN PEDRO APOSTOL,5220
52200310,SAN PEDRO IXTLAHUACA,5220
52200315,SAN PEDRO MARTIR,5220
52200319,SAN PEDRO MIXTEPEC,5220
52200325,SAN PEDRO QUIATONI,5220
52200328,SAN PEDRO TAVICHE,5220
52200333,SAN PEDRO TOTOLAPA,5220
52200338,VILLA DE ETLA,5220
52200342,SAN RAYMUNDO JALPAN,5220
52200343,SAN SEBASTIAN ABASOLO,5220
52200344,SAN SEBASTIAN COATLAN,5220
52200347,SAN SEBASTIAN RIO HONDO,5220
52200349,SAN SEBASTIAN TEITIPAC,5220
52200350,SAN SEBASTIAN TUTLA,5220
52200351,SAN SIMON ALMOLONGAS,5220
52200353,SANTA ANA,5220
52200356,SANTA ANA DEL VALLE,5220
52200358,SANTA ANA TLAPACOYAN,5220
52200360,SANTA ANA ZEGACHE,5220
52200362,SANTA CATARINA CUIXTLA,5220
52200368,SANTA CATARINA MINAS,5220
52200369,SANTA CATARINA QUIANE,5220
52200375,SANTA CRUZ AMILPAS,5220
52200378,SANTA CRUZ MIXTEPEC,5220
52200380,SANTA CRUZ PAPALUTLA,5220
52200384,SANTA CRUZ XITLA,5220
52200385,SANTA CRUZ XOXOCOTLAN,5220
52200386,SANTA CRUZ ZENZONTEPEC,5220
52200387,SANTA GERTRUDIS,5220
52200388,SANTA INES DEL MONTE,5220
52200389,SANTA INES YATZECHE,5220
52200390,SANTA LUCIA DEL CAMINO,5220
52200391,SANTA LUCIA MIAHUATLAN,5220
52200393,SANTA LUCIA OCOTLAN,5220
52200398,AYOQUEZCO DE ALDAMA,5220
52200399,SANTA MARIA ATZOMPA,5220
52200403,SANTA MARIA COYOTEPEC,5220
52200409,SANTA MARIA DEL TULE,5220
52200411,SANTA MARIA GUELACE,5220
52200420,SANTA MARIA LACHIXIO,5220
52200424,SANTA MARIA OZOLOTEPEC,5220
52200426,SANTA MARIA PEÑOLES,5220
52200429,SANTA MARIA SOLA,5220
52200448,SANTA MARIA ZANIZA,5220
52200449,SANTA MARIA ZOQUITLAN,5220
52200450,SANTIAGO AMOLTEPEC,5220
52200452,SANTIAGO APOSTOL,5220
52200475,SANTIAGO MATATLAN,5220
52200477,SANTIAGO MINAS,5220
52200483,SANTIAGO SUCHILQUITONGO,5220
52200487,SANTIAGO TENANGO,5220
52200491,SANTIAGO TEXTITLAN,5220
52200494,SANTIAGO TLAZOYALTEPEC,5220
52200495,SANTIAGO XANICA,5220
52320074,SAN JERÓNIMO TLACOCHAHUAYA,5232
52320076,SAN VICENTE COATLAN,5232
52320077,SAN VICENTE LACHIXIO,5232
52320083,SANTO DOMINGO ALBARRADAS,5232
52320090,SANTO DOMINGO OZOLOTEPEC,5232
52320094,SANTO DOMINGO TEOJOMULCO,5232
52320097,SANTO DOMINGO TOMALTEPEC,5232
52320104,SANTO TOMAS JALIEZA,5232
52320105,SANTO TOMAS MAZALTEPEC,5232
52320107,SANTO TOMAS TAMAZULAPAM,5232
52320113,SITIO DE XITLAPEHUA,5232
52320114,SAN JOSE DEL PROGRESO,5232
52320115,SOLEDAD ETLA,5232
52320117,TANICHE,5232
52320122,TEOTITLAN DEL VALLE,5232
52320125,TLACOLULA DE MATAMAROS,5232
52320127,TLALIXTAC DE CABRERA,5232
52320130,TRINIDAD ZAACHILA,5232
52320134,VILLA DE ZAACHILA,5232
52320135,VILLA DIAZ ORDAZ,5232
52320137,YAXE,5232
52320138,YOGANA,5232
52320140,ZAPOTITLAN DEL RIO,5232
52320143,ZIMATLAN DE ALVAREZ,5232
52210008,AHUAZOTEPEC,5221
52210049,CHICONCUAUTLA,5221
52210057,HONEY,5221
52210064,FRANCISCO Z. MENA,5221
52210068,HERMENEGILDO GALEANA,5221
52210071,HUAUCHINANGO,5221
52210086,JALPAN,5221
52210089,JOPALA,5221
52210091,JUAN GALINDO,5221
52210100,NAUPAN,5221
52210109,PAHUATLAN,5221
52210111,PANTEPEC,5221
52210123,SAN FELIPE TEPATLAN,5221
52210178,TLACUILOTEPEC,5221
52210183,TLAOLA,5221
52210184,TLAPACOYA,5221
52210187,TLAXCO,5221
52210194,VENUSTIANO CARRANZA,5221
52210197,XICOTEPEC,5221
52210213,ZIHUATEUTLA,5221
52210003,ACATLAN,5221
52210005,ACTEOPAN,5221
52210007,AHUATLAN,5221
52210009,AHUEHUETITLA,5221
52210011,ALBINO ZERTUCHE,5221
52210021,ATZALA,5221
52210022,ATZITZIHUACAN,5221
52210024,AXUTLA,5221
52210031,COATZINGO,5221
52210032,COHETZALA,5221
52210033,COHUECAN,5221
52210042,CUAYUCA DE ANDRADE,5221
52210047,CHIAUTLA,5221
52210051,CHIETLA,5221
52210055,CHILA,5221
52210056,CHILA DE LA SAL,5221
52210059,CHINANTLA,5221
52210062,EPATLAN,5221
52210066,GUADALUPE,5221
52210073,HUEHUETLAN EL CHICO,5221
52210081,IXCAMILPA DE GUERRERO,5221
52210085,IZUCAR DE MATAMOROS,5221
52210087,JOLALPAN,5221
52210112,PETLALCINGO,5221
52210113,PIAXTLA,5221
52210121,SAN DIEGO LA MESA TOCHIMILTZINGO,5221
52210127,SAN JERONIMO XAYACATLAN,5221
52210133,SAN MARTIN TOTOLTEPEC,5221
52210135,SAN MIGUEL IXITLAN,5221
52210139,SAN PABLO ANICANO,5221
52210141,SAN PEDRO YELOIXTLAHUACA,5221
52210150,HUEHUETLAN EL GRANDE,5221
52210155,TECOMATLAN,5221
52210157,TEHUITZINGO,5221
52210159,TEOPANTLAN,5221
52210160,TEOTLALCO,5221
52210165,TEPEMAXALCO,5221
52210166,TEPEOJUMA,5221
52210168,TEPEXCO,5221
52210176,TILAPA,5221
52210185,TLAPANALA,5221
52210190,TOTOLTEPEC DE GUERRERO,5221
52210191,TULCINGO,5221
52210196,XAYACATLAN DE BRAVO,5221
52210198,XICOTLAN,5221
52210201,XOCHILTEPEC,5221
52210012,ALJOJUCA,5221
52210023,ATZITZINTLA,5221
52210044,CUYOACO,5221
52210045,CHALCHICOMULA DE SESMA,5221
52210050,CHICHIQUILA,5221
52210058,CHILCHOTLA,5221
52210063,ESPERANZA,5221
52210067,GUADALUPE VICTORIA,5221
52210093,LAFRAGUA,5221
52210094,LIBRES,5221
52210096,MAZAPILTEPEC DE JUAREZ,5221
52210099,CAÑADA MORELOS,5221
52210104,NOPALUCAN,5221
52210105,OCOTEPEC,5221
52210108,ORIENTAL,5221
52210116,QUIMIXTLAN,5221
52210117,RAFAEL LARA GRAJALES,5221
52210128,SAN JOSE CHIAPA,5221
52210130,SAN JUAN ATENCO,5221
52210137,SAN NICOLAS BUENOS AIRES,5221
52210142,SAN SALVADOR EL SECO,5221
52210152,SOLTEPEC,5221
52210170,TEPEYAHUALCO,5221
52210179,TLACHICHUCA,5221
52210001,ACAJETE,5221
52210015,AMOZOC,5221
52210019,ATLIXCO,5221
52210026,CALPAN,5221
52210034,CORONANGO,5221
52210040,CUAUTINCHAN,5221
52210041,CUAUTLANCINGO,5221
52210048,CHIAUTZINGO,5221
52210060,DOMINGO ARENAS,5221
52210069,HUAQUECHULA,5221
52210074,HUEJOTZINGO,5221
52210090,JUAN C. BONILLA,5221
52210102,NEALTICAN,5221
52210106,OCOYUCAN,5221
52210114,PUEBLA,5221
52210119,SAN ANDRES CHOLULA,5221
52210122,SAN FELIPE TEOTLALCINGO,5221
52210125,SAN GREGORIO ATZOMPA,5221
52210126,SAN JERONIMO TECUANIPAN,5221
52210132,SAN MARTIN TEXMELUCAN,5221
52210134,SAN MATIAS TLALANCALECA,5221
52210136,SAN MIGUEL XOXTLA,5221
52210138,SAN NICOLAS DE LOS RANCHOS,5221
52210140,SAN PEDRO CHOLULA,5221
52210143,SAN SALVADOR EL VERDE,5221
52210148,SANTA ISABEL CHOLULA,5221
52210153,TECALI DE HERRERA,5221
52210163,TEPATLAXCO DE HIDALGO,5221
52210164,TEPEACA,5221
52210175,TIANGUISMANALCO,5221
52210180,TLAHUAPAN,5221
52210181,TLALTENANGO,5221
52210188,TOCHIMILCO,5221
52210193,TZICATLACOYAN,5221
52210004,ACATZINGO,5221
52210018,ATEXCAL,5221
52210020,ATOYATEMPAN,5221
52210037,COYOTEPEC,5221
52210038,CUAPIAXTLA DE MADERO,5221
52210052,CHIGMECATITLAN,5221
52210065,GENERAL FELIPE ANGELES,5221
52210070,HUATLATLAUCA,5221
52210079,HUITZILTEPEC,5221
52210082,IXCAQUIXTLA,5221
52210092,JUAN N. MENDEZ,5221
52210095,LA MAGDALENA TLATLAUQUITEPEC,5221
52210097,MIXTLA,5221
52210098,MOLCAXAC,5221
52210110,PALMAR DE BRAVO,5221
52210115,QUECHOLAC,5221
52210118,LOS REYES DE JUAREZ,5221
52210131,SAN JUAN ATZOMPA,5221
52210144,SAN SALVADOR HUIXCOLOTLA,5221
52210146,SANTA CATARINA TLALTEMPAN,5221
52210147,SANTA INES AHUATEMPAN,5221
52210151,SANTO TOMAS HUEYOTLIPAN,5221
52210154,TECAMACHALCO,5221
52210161,TEPANCO DE LOPEZ,5221
52210169,TEPEXI DE RODRIGUEZ,5221
52210171,TEPEYAHUALCO DE CUAUHTEMOC,5221
52210177,TLACOTEPEC DE BENITO JUAREZ,5221
52210182,TLANEPANTLA,5221
52210189,TOCHTEPEC,5221
52210203,XOCHITLAN TODOS SANTOS,5221
52210205,YEHUALTEPEC,5221
52210206,ZACAPALA,5221
52210010,AJALPAN,5221
52210013,ALTEPEXI,5221
52210027,CALTEPEC,5221
52210035,COXCATLAN,5221
52210036,COYOMEAPAN,5221
52210046,CHAPULCO,5221
52210061,ELOXOCHITLAN,5221
52210103,NICOLAS BRAVO,5221
52210120,SAN ANTONIO CAÑADA,5221
52210124,SAN GABRIEL CHILAC,5221
52210129,SAN JOSE MIAHUATLAN,5221
52210145,SAN SEBASTIAN TLACOTEPEC,5221
52210149,SANTIAGO MIAHUATLAN,5221
52210156,TEHUACAN,5221
52210195,VICENTE GUERRERO,5221
52210209,ZAPOTITLAN,5221
52210214,ZINACATEPEC,5221
52210217,ZOQUITLAN,5221
52210002,ACATENO,5221
52210017,ATEMPAN,5221
52210025,AYOTOXCO DE GUERRERO,5221
52210029,CAXHUACAN,5221
52210043,CUETZALAN DEL PROGRESO,5221
52210054,CHIGNAUTLA,5221
52210072,HUEHUETLA,5221
52210075,HUEYAPAN,5221
52210076,HUEYTAMALCO,5221
52210077,HUEYTLALPAN,5221
52210078,HUITZILAN DE SERDAN,5221
52210080,ATLEQUIZAYAN,5221
52210084,IXTEPEC,5221
52210088,JONOTLA,5221
52210101,NAUZONTLA,5221
52210107,OLINTLA,5221
52210158,TENAMPULCO,5221
52210173,TETELES DE AVILA CASTILLO,5221
52210174,TEZIUTLAN,5221
52210186,TLATLAUQUITEPEC,5221
52210192,TUZAMAPAN DE GALEANA,5221
52210199,XIUTETELCO,5221
52210200,XOCHIAPULCO,5221
52210202,XOCHITLAN DE VICENTE SUAREZ,5221
52210204,YAONAHUAC,5221
52210207,ZACAPOAXTLA,5221
52210210,ZAPOTITLAN DE MENDEZ,5221
52210211,ZARAGOZA,5221
52210212,ZAUTLA,5221
52210215,ZONGOZOTLA,5221
52210216,ZOQUIAPAN,5221
52210006,AHUACATLAN,5221
52210014,AMIXTLAN,5221
52210016,AQUIXTLA,5221
52210028,CAMOCUAUTLA,5221
52210030,COATEPEC,5221
52210039,CUAUTEMPAN,5221
52210053,CHIGNAHUAPAN,5221
52210083,IXTACAMAXTITLAN,5221
52210162,TEPANGO DE RODRIGUEZ,5221
52210167,TEPETZINTLA,5221
52210172,TETELA DE OCAMPO,5221
52210208,ZACATLAN,5221
52220004,CADEREYTA DE MONTES,5222
52220005,COLON,5222
52220007,EZEQUIEL MONTES,5222
52220013,PEÑAMILLER,5222
52220015,SAN JOAQUIN,5222
52220018,TOLIMAN,5222
52220002,PINAL DE AMOLES,5222
52220003,ARROYO SECO,5222
52220009,JALPAN DE SERRA,5222
52220010,LANDA DE MATAMOROS,5222
52220006,CORREGIDORA,5222
52220008,HUIMILPAN,5222
52220011,EL MARQUES,5222
52220014,QUERETARO,5222
52220001,AMEALCO DE BONFIL,5222
52220012,PEDRO ESCOBEDO,5222
52220016,SAN JUAN DEL RIO,5222
52220017,TEQUISQUIAPAN,5222
52230001,COZUMEL,5223
52230003,ISLA MUJERES,5223
52230005,BENITO JUAREZ,5223
52230007,LAZARO CARDENAS,5223
52230008,SOLIDARIDAD,5223
52230004,OTHON P. BLANCO,5223
52230002,FELIPE CARRILLO PUERTO,5223
52230006,JOSE MARIA MORELOS,5223
52320131,TULUM,5232
52240011,CIUDAD FERNANDEZ,5224
52240027,SAN CIRO DE ACOSTA,5224
52240030,SAN NICOLAS TOLENTINO,5224
52240003,AQUISMON,5224
52240012,TANCANHUITZ,5224
52240013,CIUDAD VALLES,5224
52240014,COXCATLAN,5224
52240018,HUEHUETLAN,5224
52240026,SAN ANTONIO,5224
52240029,SAN MARTIN CHALCHICUAUTLA,5224
52240036,TAMASOPO,5224
52240037,TAMAZUNCHALE,5224
52240038,TAMPACAN,5224
52240039,TAMPAMOLON CORONA,5224
52240041,TANLAJAS,5224
52240042,TANQUIAN DE ESCOBEDO,5224
52240053,AXTLA DE TERRAZAS,5224
52240054,XILITLA,5224
52240057,MATLAPA,5224
52240058,EL NARANJO,5224
52240016,EBANO,5224
52240034,SAN VICENTE TANCUAYALAB,5224
52240040,TAMUIN,5224
52240006,CATORCE,5224
52240007,CEDRAL,5224
52240015,CHARCAS,5224
52240020,MATEHUALA,5224
52240044,VANEGAS,5224
52240045,VENADO,5224
52240047,VILLA DE GUADALUPE,5224
52240052,VILLA JUAREZ,5224
52240002,ALAQUINES,5224
52240005,CARDENAS,5224
52240008,CERRITOS,5224
52240010,CIUDAD DEL MAIZ,5224
52240017,GUADALCAZAR,5224
52240019,LAGUNILLAS,5224
52240023,RAYON,5224
52240024,RIOVERDE,5224
52240031,SANTA CATARINA,5224
52240048,VILLA DE LA PAZ,5224
52240025,SALINAS,5224
52240033,SANTO DOMINGO,5224
52240049,VILLA DE RAMOS,5224
52240001,AHUALULCO,5224
52240004,ARMADILLO DE LOS INFANTE,5224
52240009,CERRO DE SAN PEDRO,5224
52240021,MEXQUITIC DE CARMONA,5224
52240022,MOCTEZUMA,5224
52240028,SAN LUIS POTOSI,5224
52240032,SANTA MARIA DEL RIO,5224
52240035,SOLEDAD DE GRACIANO SANCHEZ,5224
52240043,TIERRA NUEVA,5224
52240046,VILLA DE ARRIAGA,5224
52240050,VILLA DE REYES,5224
52240051,VILLA HIDALGO,5224
52240055,ZARAGOZA,5224
52240056,VILLA DE ARISTA,5224
52250003,BADIRAGUATO,5225
52250008,ELOTA,5225
52250018,NAVOLATO,5225
52250002,ANGOSTURA,5225
52250014,ROSARIO,5225
52250017,SINALOA,5225
52320060,CULIACAN,5232
52320064,GUASAVE,5232
52250015,SALVADOR ALVARADO,5225
52250006,CULIACAN,5225
52250007,CHOIX,5225
52250011,GUASAVE,5225
52320068,MOCORITO,5232
52250001,AHOME,5225
52250004,CONCORDIA,5225
52250009,ESCUINAPA,5225
52250013,MOCORITO,5225
52320063,GUASAVE,5232
52320069,NAVOLATO,5232
52250005,COSALA,5225
52250010,EL FUERTE,5225
52250012,MAZATLAN,5225
52250016,SAN IGNACIO,5225
52260002,AGUA PRIETA,5226
52260011,BACOACHI,5226
52260019,CANANEA,5226
52260027,FRONTERAS,5226
52260039,NACO,5226
52260041,NACOZARI DE GARCIA,5226
52260004,ALTAR,5226
52260007,ATIL,5226
52260017,CABORCA,5226
52260046,OQUITOA,5226
52260047,PITIQUITO,5226
52260048,PUERTO PEÑASCO,5226
52260055,SAN LUIS RIO COLORADO,5226
52260060,SARIC,5226
52260065,TUBUTAMA,5226
52260070,GENERAL PLUTARCO ELIAS CALLES,5226
52260012,BACUM,5226
52260018,CAJEME,5226
52260049,QUIRIEGO,5226
52260051,ROSARIO,5226
52260071,BENITO JUAREZ,5226
52260072,SAN IGNACIO RIO MUERTO,5226
52260025,EMPALME,5226
52260029,GUAYMAS,5226
52260020,CARBO,5226
52260030,HERMOSILLO,5226
52260056,SAN MIGUEL DE HORCASITAS,5226
52260016,BENJAMIN HILL,5226
52260022,CUCURPE,5226
52260035,IMURIS,5226
52260036,MAGDALENA,5226
52260043,NOGALES,5226
52260058,SANTA ANA,5226
52260059,SANTA CRUZ,5226
52260064,TRINCHERAS,5226
52260021,LA COLORADA,5226
52260037,MAZATAN,5226
52260044,ONAVAS,5226
52260054,SAN JAVIER,5226
52260057,SAN PEDRO DE LA CUEVA,5226
52260061,SOYOPA,5226
52260062,SUAQUI GRANDE,5226
52260068,VILLA PESQUEIRA,5226
52260008,BACADEHUACHI,5226
52260010,BACERAC,5226
52260015,BAVISPE,5226
52260023,CUMPAS,5226
52260024,DIVISADEROS,5226
52260028,GRANADOS,5226
52260031,HUACHINERA,5226
52260032,HUASABAS,5226
52260038,MOCTEZUMA,5226
52260040,NACORI CHICO,5226
52260063,TEPACHE,5226
52260067,VILLA HIDALGO,5226
52260003,ALAMOS,5226
52260026,ETCHOJOA,5226
52260033,HUATABAMPO,5226
52260042,NAVOJOA,5226
52260005,ARIVECHI,5226
52260009,BACANORA,5226
52260052,SAHUARIPA,5226
52260069,YECORA,5226
52260001,ACONCHI,5226
52260006,ARIZPE,5226
52260013,BANAMICHI,5226
52260014,BAVIACORA,5226
52260034,HUEPAC,5226
52260045,OPODEPE,5226
52260050,RAYON,5226
52260053,SAN FELIPE DE JESUS,5226
52260066,URES,5226
52270002,CARDENAS,5227
52270005,COMALCALCO,5227
52270006,CUNDUACAN,5227
52270008,HUIMANGUILLO,5227
52270010,JALPA DE MENDEZ,5227
52270013,NACAJUCA,5227
52270014,PARAISO,5227
52270001,BALANCAN,5227
52270007,EMILIANO ZAPATA,5227
52270011,JONUTA,5227
52270017,TENOSIQUE,5227
52270003,CENTLA,5227
52270004,CENTRO,5227
52270009,JALAPA,5227
52270012,MACUSPANA,5227
52270015,TACOTALPA,5227
52270016,TEAPA,5227
52280001,ABASOLO,5228
52280018,JIMENEZ,5228
52280037,SOTO LA MARINA,5228
52280022,MATAMOROS,5228
52280040,VALLE HERMOSO,5228
52320072,RIO BRAVO,5232
52280004,ANTIGUO MORELOS,5228
52280011,GOMEZ FARIAS,5228
52280021,EL MANTE,5228
52280028,NUEVO MORELOS,5228
52280029,OCAMPO,5228
52280043,XICOTENCATL,5228
52320062,GONZALEZ,5232
52280002,ALDAMA,5228
52280003,ALTAMIRA,5228
52280009,CIUDAD MADERO,5228
52280012,GONZALEZ,5228
52280038,TAMPICO,5228
52280007,CAMARGO,5228
52280015,GUSTAVO DIAZ ORDAZ,5228
52280024,MIER,5228
52280025,MIGUEL ALEMAN,5228
52280032,REYNOSA,5228
52280033,RIO BRAVO,5228
52280006,BUSTAMANTE,5228
52280017,JAUMAVE,5228
52280026,MIQUIHUANA,5228
52280031,PALMILLAS,5228
52280039,TULA,5228
52280014,GUERRERO,5228
52280027,NUEVO LAREDO,5228
52280005,BURGOS,5228
52280010,CRUILLAS,5228
52280023,MENDEZ,5228
52280035,SAN FERNANDO,5228
52280008,CASAS,5228
52280013,G?EMEZ,5228
52280016,HIDALGO,5228
52280019,LLERA,5228
52280020,MAINERO,5228
52280030,PADILLA,5228
52280034,SAN CARLOS,5228
52280036,SAN NICOLAS,5228
52280041,VICTORIA,5228
52280042,VILLAGRAN,5228
52290003,ATLANGATEPEC,5229
52290005,APIZACO,5229
52290006,CALPULALPAN,5229
52290011,MUÑOZ DE DOMINGO ARENAS,5229
52290012,ESPAÑITA,5229
52290014,HUEYOTLIPAN,5229
52290020,SANCTORUM DE LAZARO CARDENAS,5229
52290021,NANACAMILPA DE MARIANO ARISTA,5229
52290031,TETLA DE LA SOLIDARIDAD,5229
52290034,TLAXCO,5229
52290045,BENITO JUAREZ,5229
52290004,ALTZAYANCA,5229
52290007,EL CARMEN TEQUEXQUITLA,5229
52290008,CUAPIAXTLA,5229
52290013,HUAMANTLA,5229
52290016,IXTENCO,5229
52290030,TERRENATE,5229
52290035,TOCATLAN,5229
52290037,ZITLALTEPEC DE TRINIDAD SANCHEZ SANTOS,5229
52290038,TZOMPANTEPEC,5229
52290039,XALOZTOC,5229
52290046,EMILIANO ZAPATA,5229
52290047,LAZARO CARDENAS,5229
52290052,SAN JOSE TEACALCO,5229
52290001,AMAXAC DE GUERRERO,5229
52290002,APETATITLAN DE ANTONIO CARVAJAL,5229
52290009,CUAXOMULCO,5229
52290010,CHIAUTEMPAN,5229
52290015,IXTACUIXTLA DE MARIANO MATAMOROS,5229
52290017,MAZATECOCHCO DE JOSE MARIA MORELOS,5229
52290018,CONTLA DE JUAN CUAMATZI,5229
52290019,TEPETITLA DE LARDIZABAL,5229
52290022,ACUAMANALA DE MIGUEL HIDALGO,5229
52290023,NATIVITAS,5229
52290024,PANOTLA,5229
52290025,SAN PABLO DEL MONTE,5229
52290026,SANTA CRUZ TLAXCALA,5229
52290027,TENANCINGO,5229
52290028,TEOLOCHOLCO,5229
52290029,TEPEYANCO,5229
52290032,TETLATLAHUCA,5229
52290033,TLAXCALA,5229
52290036,TOTOLAC,5229
52290040,XALTOCAN,5229
52290041,PAPALOTLA DE XICOHTENCATL,5229
52290042,XICOHTZINCO,5229
52290043,YAUHQUEMECAN,5229
52290044,ZACATELCO,5229
52290048,LA MAGDALENA TLALTELULCO,5229
52290049,SAN DAMIAN TEXOLOC,5229
52290050,SAN FRANCISCO TETLANOHCAN,5229
52290051,SAN JERONIMO ZACUALPAN,5229
52290053,SAN JUAN HUACTZINCO,5229
52290054,SAN LORENZO AXOCOMANITLA,5229
52290055,SAN LUCAS TECOPILCO,5229
52290056,SANTA ANA NOPALUCAN,5229
52290057,SANTA APOLONIA TEACALCO,5229
52290058,SANTA CATARINA AYOMETLA,5229
52290059,SANTA CRUZ QUILEHTLA,5229
52290060,SANTA ISABEL XILOXOXTLA,5229
52300039,COATZACOALCOS,5230
52300048,COSOLEACAQUE,5230
52300061,LAS CHOAPAS,5230
52300070,HIDALGOTITLAN,5230
52300082,IXHUATLAN DEL SURESTE,5230
52300108,MINATITLAN,5230
52300111,MOLOACAN,5230
52300199,ZARAGOZA,5230
52300204,AGUA DULCE,5230
52300206,NANCHITAL DE LAZARO CARDENAS DEL RIO,5230
52300210,UXPANAPA,5230
52300005,ACULA,5230
52300012,AMATITLAN,5230
52300045,COSAMALOAPAN DE CARPIO,5230
52300054,CHACALTIANGUIS,5230
52300084,IXMATLAHUACAN,5230
52300119,OTATITLAN,5230
52300174,TIERRA BLANCA,5230
52300176,TLACOJALPAN,5230
52300178,TLACOTALPAN,5230
52300190,TUXTILLA,5230
52300207,TRES VALLES,5230
52300208,CARLOS A. CARRILLO,5230
52300001,ACAJETE,5230
52300002,ACATLAN,5230
52300010,ALTOTONGA,5230
52300017,APAZAPAN,5230
52300025,AYAHUALULCO,5230
52300026,BANDERILLA,5230
52300036,COACOATZINTLA,5230
52300038,COATEPEC,5230
52300046,COSAUTLAN DE CARVAJAL,5230
52300057,CHICONQUIACO,5230
52300065,EMILIANO ZAPATA,5230
52300079,IXHUACAN DE LOS REYES,5230
52300086,JALACINGO,5230
52300087,XALAPA,5230
52300088,JALCOMULCO,5230
52300092,XICO,5230
52300093,JILOTEPEC,5230
52300096,LANDERO Y COSS,5230
52300106,MIAHUATLAN,5230
52300107,LAS MINAS,5230
52300112,NAOLINCO,5230
52300128,PEROTE,5230
52300132,LAS VIGAS DE RAMIREZ,5230
52300136,RAFAEL LUCIO,5230
52300156,TATATILA,5230
52300164,TEOCELO,5230
52300166,TEPETLAN,5230
52300177,TLACOLULAN,5230
52300182,TLALNELHUAYOCAN,5230
52300187,TONAYAN,5230
52300194,VILLA ALDAMA,5230
52300006,ACULTZINGO,5230
52300008,ALPATLAHUAC,5230
52300014,AMATLAN DE LOS REYES,5230
52300018,AQUILA,5230
52300019,ASTACINGA,5230
52300020,ATLAHUILCO,5230
52300021,ATOYAC,5230
52300022,ATZACAN,5230
52300024,TLALTETELA,5230
52300029,CALCAHUALCO,5230
52300030,CAMERINO Z. MENDOZA,5230
52300031,CARRILLO PUERTO,5230
52300041,COETZALA,5230
52300043,COMAPA,5230
52300044,CORDOBA,5230
52300047,COSCOMATEPEC,5230
52300052,CUICHAPA,5230
52300053,CUITLAHUAC,5230
52300062,CHOCAMAN,5230
52300068,FORTIN,5230
52300071,HUATUSCO,5230
52300074,HUILOAPAN,5230
52300080,IXHUATLAN DEL CAFE,5230
52300081,IXHUATLANCILLO,5230
52300085,IXTACZOQUITLAN,5230
52300098,MAGDALENA,5230
52300099,MALTRATA,5230
52300101,MARIANO ESCOBEDO,5230
52300110,MIXTLA DE ALTAMIRANO,5230
52300113,NARANJAL,5230
52300115,NOGALES,5230
52300117,OMEALCA,5230
52300118,ORIZABA,5230
52300125,PASO DEL MACHO,5230
52300127,LA PERLA,5230
52300135,RAFAEL DELGADO,5230
52300137,LOS REYES,5230
52300138,RIO BLANCO,5230
52300140,SAN ANDRES TENEJAPAN,5230
52300146,SOCHIAPA,5230
52300147,SOLEDAD ATZOMPA,5230
52300159,TEHUIPANGO,5230
52300162,TENAMPA,5230
52300165,TEPATLAXCO,5230
52300168,TEQUILA,5230
52300171,TEXHUACAN,5230
52300173,TEZONAPA,5230
52300179,TLACOTEPEC DE MEJIA,5230
52300184,TLAQUILPA,5230
52300185,TLILAPAN,5230
52300186,TOMATLAN,5230
52300188,TOTUTLA,5230
52300195,XOXOCOTLA,5230
52300196,YANGA,5230
52300200,ZENTLA,5230
52300201,ZONGOLICA,5230
52300072,HUAYACOCOTLA,5230
52300076,ILAMATLAN,5230
52300083,IXHUATLAN DE MADERO,5230
52300170,TEXCATEPEC,5230
52300180,TLACHICHILCO,5230
52300198,ZACUALPAN,5230
52300202,ZONTECOMATLAN DE LOPEZ Y FUENTES,5230
52300003,ACAYUCAN,5230
52300059,CHINAMECA,5230
52300073,HUEYAPAN DE OCAMPO,5230
52300089,JALTIPAN,5230
52300091,JESUS CARRANZA,5230
52300104,MECAYAPAN,5230
52300116,OLUTA,5230
52300120,OTEAPAN,5230
52300122,PAJAPAN,5230
52300142,SAN JUAN EVANGELISTA,5230
52300144,SAYULA DE ALEMAN,5230
52300145,SOCONUSCO,5230
52300149,SOTEAPAN,5230
52300172,TEXISTEPEC,5230
52300209,TATAHUICAPAN DE JUAREZ,5230
52300004,ACTOPAN,5230
52300009,ALTO LUCERO DE GUTIERREZ BARRIOS,5230
52300016,LA ANTIGUA,5230
52300126,PASO DE OVEJAS,5230
52300134,PUENTE NACIONAL,5230
52300191,URSULO GALVAN,5230
52300023,ATZALAN,5230
52300037,COAHUITLAN,5230
52300042,COLIPA,5230
52300050,COXQUIHUI,5230
52300051,COYUTLA,5230
52300064,CHUMATLAN,5230
52300066,ESPINAL,5230
52300067,FILOMENO MATA,5230
52300069,GUTIERREZ ZAMORA,5230
52300095,JUCHIQUE DE FERRER,5230
52300102,MARTINEZ DE LA TORRE,5230
52300103,MECATLAN,5230
52300109,MISANTLA,5230
52300114,NAUTLA,5230
52300124,PAPANTLA,5230
52300158,TECOLUTLA,5230
52300163,TENOCHTITLAN,5230
52300183,TLAPACOYAN,5230
52300192,VEGA DE ALATORRE,5230
52300197,YECUATLA,5230
52300203,ZOZOCOLCO DE HIDALGO,5230
52300211,SAN RAFAEL,5230
52300013,NARANJOS AMATLAN,5230
52300027,BENITO JUAREZ,5230
52300035,CITLALTEPETL,5230
52300055,CHALMA,5230
52300056,CHICONAMEL,5230
52300058,CHICONTEPEC,5230
52300060,CHINAMPA DE GOROSTIZA,5230
52300063,CHONTLA,5230
52300078,IXCATEPEC,5230
52300121,OZULUAMA DE MASCAREÑAS,5230
52300123,PANUCO,5230
52300129,PLATON SANCHEZ,5230
52300133,PUEBLO VIEJO,5230
52300150,TAMALIN,5230
52300152,TAMPICO ALTO,5230
52300153,TANCOCO,5230
52300154,TANTIMA,5230
52300155,TANTOYUCA,5230
52300161,TEMPOAL,5230
52300205,EL HIGO,5230
52300015,ANGEL R. CABADA,5230
52300032,CATEMACO,5230
52300077,ISLA,5230
52300094,JUAN RODRIGUEZ CLARA,5230
52300097,LERDO DE TEJADA,5230
52300130,PLAYA VICENTE,5230
52300139,SALTABARRANCA,5230
52300141,SAN ANDRES TUXTLA,5230
52300143,SANTIAGO TUXTLA,5230
52300169,JOSE AZUETA,5230
52300212,SANTIAGO SOCHIAPAN,5230
52300033,CAZONES,5230
52300034,CERRO AZUL,5230
52300040,COATZINTLA,5230
52300131,POZA RICA DE HIDALGO,5230
52300151,TAMIAHUA,5230
52300157,CASTILLO DE TEAYO,5230
52300160,ALAMO TEMAPACHE,5230
52300167,TEPETZINTLA,5230
52300175,TIHUATLAN,5230
52300189,TUXPAM,5230
52300007,CAMARON DE TEJEDA,5230
52300011,ALVARADO,5230
52300028,BOCA DEL RIO,5230
52300049,COTAXTLA,5230
52300075,IGNACIO DE LA LLAVE,5230
52300090,JAMAPA,5230
52300100,MANLIO FABIO ALTAMIRANO,5230
52300105,MEDELLIN,5230
52300148,SOLEDAD DE DOBLADO,5230
52300181,TLALIXCOYAN,5230
52300193,VERACRUZ,5230
52310001,ABALA,5231
52310002,ACANCEH,5231
52310004,BACA,5231
52310005,BOKOBA,5231
52310007,CACALCHEN,5231
52310009,CANSAHCAB,5231
52310011,CELESTUN,5231
52310013,CONKAL,5231
52310015,CUZAMA,5231
52310020,CHICXULUB PUEBLO,5231
52310023,CHOCHOLA,5231
52310026,DZEMUL,5231
52310027,DZIDZANTUN,5231
52310028,DZILAM DE BRAVO,5231
52310029,DZILAM GONZALEZ,5231
52310031,DZONCAUICH,5231
52310033,HALACHO,5231
52310034,HOCABA,5231
52310035,HOCTUN,5231
52310036,HOMUN,5231
52310037,HUHI,5231
52310038,HUNUCMA,5231
52310039,IXIL,5231
52310040,IZAMAL,5231
52310041,KANASIN,5231
52310042,KANTUNIL,5231
52310044,KINCHIL,5231
52310045,KOPOMA,5231
52310048,MAXCANU,5231
52310050,MERIDA,5231
52310051,MOCOCHA,5231
52310052,MOTUL,5231
52310054,MUXUPIP,5231
52310055,OPICHEN,5231
52310059,PROGRESO,5231
52310063,SAMAHIL,5231
52310064,SANAHCAT,5231
52310067,SEYE,5231
52310068,SINANCHE,5231
52310071,SUDZAL,5231
52310072,SUMA,5231
52310074,TAHMEK,5231
52310076,TECOH,5231
52310077,TEKAL DE VENEGAS,5231
52310078,TEKANTO,5231
52310080,TEKIT,5231
52310082,TELCHAC PUEBLO,5231
52310083,TELCHAC PUERTO,5231
52310084,TEMAX,5231
52310086,TEPAKAN,5231
52310087,TETIZ,5231
52310088,TEYA,5231
52310090,TIMUCUY,5231
52310093,TIXKOKOB,5231
52310095,TIXPEHUAL,5231
52310100,UCU,5231
52310101,UMAN,5231
52310103,XOCCHEL,5231
52310105,YAXKUKUL,5231
52310106,YOBAIN,5231
52310003,AKIL,5231
52310016,CHACSINKIN,5231
52310018,CHAPAB,5231
52310024,CHUMAYEL,5231
52310025,DZAN,5231
52310046,MAMA,5231
52310047,MANI,5231
52310053,MUNA,5231
52310056,OXKUTZCAB,5231
52310058,PETO,5231
52310062,SACALUM,5231
52310066,SANTA ELENA,5231
52310073,TAHDZIU,5231
52310075,TEABO,5231
52310079,TEKAX,5231
52310089,TICUL,5231
52310094,TIXMEHUAC,5231
52310098,TZUCACAB,5231
52310006,BUCTZOTZ,5231
52310008,CALOTMUL,5231
52310012,CENOTILLO,5231
52310030,DZITAS,5231
52310032,ESPITA,5231
52310057,PANABA,5231
52310060,QUINTANA ROO,5231
52310061,RIO LAGARTOS,5231
52310065,SAN FELIPE,5231
52310070,SUCILA,5231
52310085,TEMOZON,5231
52310096,TIZIMIN,5231
52310097,TUNKAS,5231
52310010,CANTAMAYEC,5231
52310014,CUNCUNUL,5231
52310017,CHANKOM,5231
52310019,CHEMAX,5231
52310021,CHICHIMILA,5231
52310022,CHIKINDZONOT,5231
52310043,KAUA,5231
52310049,MAYAPAN,5231
52310069,SOTUTA,5231
52310081,TEKOM,5231
52310091,TINUM,5231
52310092,TIXCACALCUPUL,5231
52310099,UAYMA,5231
52310102,VALLADOLID,5231
52310104,YAXCABA,5231
52320007,CONCEPCION DEL ORO,5232
52320026,MAZAPIL,5232
52320027,MELCHOR OCAMPO,5232
52320041,EL SALVADOR,5232
52320006,CAÑITAS DE FELIPE PESCADOR,5232
52320010,FRESNILLO,5232
52320049,VALPARAISO,5232
52320001,APOZOL,5232
52320002,APULCO,5232
52320018,HUANUSCO,5232
52320019,JALPA,5232
52320023,JUCHIPILA,5232
52320028,MEZQUITAL DEL ORO,5232
52320033,MOYAHUA DE ESTRADA,5232
52320034,NOCHISTLAN DE MEJIA,5232
52320044,TABASCO,5232
52320015,EL PLATEADO DE JOAQUIN AMARO,5232
52320020,JEREZ,5232
52320031,MONTE ESCOBEDO,5232
52320043,SUSTICACAN,5232
52320046,TEPETONGO,5232
52320055,VILLANUEVA,5232
52320008,CUAUHTEMOC,5232
52320012,GENARO CODINA,5232
52320016,GENERAL PANFILO NATERA,5232
52320024,LORETO,5232
52320025,LUIS MOYA,5232
52320035,NORIA DE ANGELES,5232
52320036,OJOCALIENTE,5232
52320038,PINOS,5232
52320052,VILLA GARCIA,5232
52320053,VILLA GONZALEZ ORTEGA,5232
52320054,VILLA HIDALGO,5232
52320009,CHALCHIHUITES,5232
52320014,GENERAL FRANCISCO R. MURGUIA,5232
52320021,JIMENEZ DEL TEUL,5232
52320022,JUAN ALDAMA,5232
52320029,MIGUEL AUZA,5232
52320039,RIO GRANDE,5232
52320040,SAIN ALTO,5232
52320042,SOMBRERETE,5232
52320003,ATOLINGA,5232
52320004,BENITO JUAREZ,5232
52320011,TRINIDAD GARCIA DE LA CADENA,5232
52320030,MOMAX,5232
52320045,TEPECHITLAN,5232
52320047,TEUL DE GONZALEZ ORTEGA,5232
52320048,TLALTENANGO DE SANCHEZ ROMAN,5232
52320079,SANTA MARÍA DE LA PAZ,5232
52320005,CALERA,5232
52320013,GENERAL ENRIQUE ESTRADA,5232
52320017,GUADALUPE,5232
52320032,MORELOS,5232
52320037,PANUCO,5232
52320050,VETAGRANDE,5232
52320051,VILLA DE COS,5232
52320056,ZACATECAS,5232
52320057,TRANCOSO,5232
